[{"model": "sessions.session", "pk": "9ecbr7yrmh8wt6d0l2bbo67ap6mjsuar", "fields": {"session_data": ".eJxVjDEOgzAMAP_iuYpICI7D2L1vQI5jGtoKJAJT1b9XSAztene6Nwy8b2XYq67DlKEHC5dfllieOh8iP3i-L0aWeVunZI7EnLaa25L1dT3bv0HhWqAHp40TH0fGQJiU3OjJtYRBmmTR-xijbQU716F6oRyZCEXDGNVyxwifL8LqNzw:1uLaNq:1YSSzHUYWWTynPxegHCxQcXVPwX56inaOsr-pC_KfbE", "expire_date": "2025-06-15T04:33:18.260Z"}}, {"model": "sessions.session", "pk": "lugw4thpzooliue3s3ywnlrhttb4oobg", "fields": {"session_data": ".eJxVjEEOwiAURO_C2hBwEKhL956BfP4ntmogKe3KeHdt0oVu5703L5VoXca09jKnSdRZHdXhd8vEj1I3IHeqt6a51WWest4UvdOur03K87K7fwcj9fFbs9DgBwOfo7OAAQgWkYuNJYqxhhiBHJUhgy04QPyJ4CAmu2Cjen8AyYc3JA:1uJcqk:_j5exn84MmpBNOfpDA747Igpjk-YLvjJvXQLXodyXMQ", "expire_date": "2025-06-09T18:47:02.255Z"}}, {"model": "sessions.session", "pk": "wv746cavj4vuqm9ncden1y0m4l6wsoi9", "fields": {"session_data": ".eJxVjEEOwiAURO_C2hBwEKhL956BfP4ntmogKe3KeHdt0oVu5703L5VoXca09jKnSdRZHdXhd8vEj1I3IHeqt6a51WWest4UvdOur03K87K7fwcj9fFbs9DgBwOfo7OAAQgWkYuNJYqxhhiBHJUhgy04QPyJ4CAmu2Cjen8AyYc3JA:1uHP0U:DG0srmUyR26uzMvs9IcnrpQhCWFVDYlCfqvuVAeTC4k", "expire_date": "2025-06-03T15:35:54.508Z"}}, {"model": "producto.categoria", "pk": 1, "fields": {"nombre": "Construcción La Obra", "descripcion": "Sector construcción", "empresa": 1}}, {"model": "producto.categoria", "pk": 2, "fields": {"nombre": "Contruccion el fierro", "descripcion": "Categoria sector construccion", "empresa": 2}}, {"model": "producto.categoria", "pk": 3, "fields": {"nombre": "Maquinaria", "descripcion": "Seccion de maquinarias", "empresa": 1}}, {"model": "producto.proveedor", "pk": 1, "fields": {"nombre": "Proveedor 1", "nit": "100200", "ciudad": "Turbo", "direccion": "Calle 21 35-25", "departamento": "Antioquia", "telefono": "321321564", "estado": "activo", "empresa": 1}}, {"model": "producto.proveedor", "pk": 2, "fields": {"nombre": "Proveedor 2", "nit": "321548654", "ciudad": "Apartado", "direccion": "Calle 44 99-20", "departamento": "Antioquia", "telefono": "3216565+", "estado": "activo", "empresa": 2}}, {"model": "producto.proveedor", "pk": 3, "fields": {"nombre": "Proveedor 2 La Obra", "nit": "321456325", "ciudad": "Medellín", "direccion": "Calle 100 56-32 barrio no traiga machete", "departamento": "Antioquia", "telefono": "3176644669", "estado": "activo", "empresa": 1}}, {"model": "producto.producto", "pk": 1, "fields": {"nombre": "Carreta", "descripcion": "Elemento para cargar objetos pesados", "codigo_interno": "C-100", "estado": "activo", "iva_porcentaje": "15.00", "ubicacion_actual": "Apartado", "marca": "Mazgen", "modelo": "2025", "serial": "100215365", "imagen": "media/productos/carreta_fCoPExO.jfif", "empresa": 1, "sucursal": 2, "categoria": 1, "proveedor": 1, "created_at": "2025-05-20T15:24:59.092Z", "updated_at": "2025-05-23T16:32:46.822Z", "creado_por": "Jorge Luis Rodriguez Jimenez", "modificado_por": "Jorge Luis Rodriguez Jimenez"}}, {"model": "producto.producto", "pk": 2, "fields": {"nombre": "Andamio", "descripcion": "Estructura metalica para trabajo en alturas", "codigo_interno": "A-100", "estado": "activo", "iva_porcentaje": "0.00", "ubicacion_actual": "Turbo", "marca": null, "modelo": null, "serial": null, "imagen": "media/productos/andamio.jfif", "empresa": 1, "sucursal": 3, "categoria": 1, "proveedor": 1, "created_at": "2025-05-20T15:33:08.793Z", "updated_at": "2025-05-23T12:34:20.999Z", "creado_por": "Jorge Luis Rodriguez Jimenez", "modificado_por": "Jorge Luis Rodriguez Jimenez"}}, {"model": "producto.producto", "pk": 3, "fields": {"nombre": "Carreta", "descripcion": "Elemento para cargar objetos pesados", "codigo_interno": "C-100", "estado": "activo", "iva_porcentaje": "10.00", "ubicacion_actual": "Medellin", "marca": null, "modelo": null, "serial": null, "imagen": "media/productos/carreta_YNSIFN7.jfif", "empresa": 2, "sucursal": 1, "categoria": 2, "proveedor": 2, "created_at": "2025-05-20T15:35:42.472Z", "updated_at": "2025-05-26T15:58:20.098Z", "creado_por": "Jorge Luis Rodriguez Jimenez", "modificado_por": "Merlis Deis Navarro Diaz"}}, {"model": "producto.producto", "pk": 4, "fields": {"nombre": "Pulidora", "descripcion": "Maquina manual para pulir superficies", "codigo_interno": "P-100", "estado": "activo", "iva_porcentaje": "10.00", "ubicacion_actual": "Aprtado", "marca": "Dewalt", "modelo": "2025", "serial": "100200", "imagen": "media/productos/pulidora_o6ypqlb.jfif", "empresa": 1, "sucursal": 2, "categoria": 1, "proveedor": 1, "created_at": "2025-05-20T16:08:10.046Z", "updated_at": "2025-05-23T16:35:32.743Z", "creado_por": "Jorge Luis Rodriguez Jimenez", "modificado_por": "Jorge Luis Rodriguez Jimenez"}}, {"model": "producto.producto", "pk": 5, "fields": {"nombre": "Pulidora", "descripcion": "sthhsrtghb", "codigo_interno": "P-100", "estado": "activo", "iva_porcentaje": "5.00", "ubicacion_actual": "Aprtado", "marca": "Dewalt", "modelo": "2025", "serial": "100200", "imagen": "media/productos/pulidora_f5OAlK5.jfif", "empresa": 2, "sucursal": 1, "categoria": 2, "proveedor": 2, "created_at": "2025-05-21T15:49:51.010Z", "updated_at": "2025-05-26T15:57:38.754Z", "creado_por": "Merlis Deis Navarro Diaz", "modificado_por": "Merlis Deis Navarro Diaz"}}, {"model": "producto.producto", "pk": 6, "fields": {"nombre": "Rana vibradora", "descripcion": "Rana vibradora de tierra amarilla", "codigo_interno": "R-105", "estado": "activo", "iva_porcentaje": "20.00", "ubicacion_actual": "Turbo", "marca": "Dewalt", "modelo": "2025", "serial": null, "imagen": "media/productos/rana.jfif", "empresa": 1, "sucursal": 2, "categoria": 1, "proveedor": 1, "created_at": "2025-05-23T12:36:07.998Z", "updated_at": "2025-05-23T12:36:07.998Z", "creado_por": "Jorge Luis Rodriguez Jimenez", "modificado_por": "Jorge Luis Rodriguez Jimenez"}}, {"model": "producto.producto", "pk": 7, "fields": {"nombre": "Producto 5", "descripcion": "Ensayo", "codigo_interno": "Ensayo", "estado": "activo", "iva_porcentaje": "15.00", "ubicacion_actual": "Turbo", "marca": "Dewalt", "modelo": "2025", "serial": null, "imagen": "media/productos/rana_xFldqvB.jfif", "empresa": 1, "sucursal": 2, "categoria": 1, "proveedor": 1, "created_at": "2025-05-23T16:19:21.871Z", "updated_at": "2025-05-23T16:24:02.866Z", "creado_por": "Jorge Luis Rodriguez Jimenez", "modificado_por": "Jorge Luis Rodriguez Jimenez"}}, {"model": "producto.producto", "pk": 8, "fields": {"nombre": "Rana vibradora", "descripcion": "Rana vibradora", "codigo_interno": "R-500", "estado": "activo", "iva_porcentaje": "10.00", "ubicacion_actual": "Turbo", "marca": "Dewalt", "modelo": "2025", "serial": null, "imagen": "media/productos/rana_1o3gvHU.jfif", "empresa": 2, "sucursal": 1, "categoria": 2, "proveedor": 2, "created_at": "2025-05-26T18:40:40.519Z", "updated_at": "2025-05-26T20:34:26.759Z", "creado_por": "Merlis Deis Navarro Diaz", "modificado_por": "Merlis Deis Navarro Diaz"}}, {"model": "producto.producto", "pk": 9, "fields": {"nombre": "Rana vibradora  electrica", "descripcion": "Rana vibradora  electrica", "codigo_interno": "R-501", "estado": "activo", "iva_porcentaje": "0.00", "ubicacion_actual": "Turbo", "marca": "Dewalt", "modelo": "2025", "serial": null, "imagen": "", "empresa": 2, "sucursal": 1, "categoria": 2, "proveedor": 2, "created_at": "2025-05-26T18:42:34.922Z", "updated_at": "2025-05-26T18:42:34.922Z", "creado_por": "Merlis Deis Navarro Diaz", "modificado_por": "Merlis Deis Navarro Diaz"}}, {"model": "producto.producto", "pk": 10, "fields": {"nombre": "ejempl prod", "descripcion": "sv<sdv<sdv", "codigo_interno": "C-800", "estado": "activo", "iva_porcentaje": "0.00", "ubicacion_actual": "Turbo", "marca": "Dewalt", "modelo": "2025", "serial": null, "imagen": "", "empresa": 2, "sucursal": 1, "categoria": 2, "proveedor": 2, "created_at": "2025-05-26T20:32:48.069Z", "updated_at": "2025-05-27T14:33:06.187Z", "creado_por": "Merlis Deis Navarro Diaz", "modificado_por": "Merlis Deis Navarro Diaz"}}, {"model": "producto.precioproducto", "pk": 1, "fields": {"producto": 2, "valor": "5000.00"}}, {"model": "producto.precioproducto", "pk": 3, "fields": {"producto": 1, "valor": "6000.00"}}, {"model": "producto.precioproducto", "pk": 4, "fields": {"producto": 4, "valor": "4000.00"}}, {"model": "producto.precioproducto", "pk": 5, "fields": {"producto": 6, "valor": "7000.00"}}, {"model": "producto.precioproducto", "pk": 6, "fields": {"producto": 7, "valor": "6600.00"}}, {"model": "producto.precioproducto", "pk": 7, "fields": {"producto": 5, "valor": "6000.00"}}, {"model": "producto.precioproducto", "pk": 8, "fields": {"producto": 3, "valor": "8000.00"}}, {"model": "producto.precioproducto", "pk": 9, "fields": {"producto": 8, "valor": "4500.00"}}, {"model": "producto.precioproducto", "pk": 10, "fields": {"producto": 9, "valor": "6000.00"}}, {"model": "producto.precioproducto", "pk": 11, "fields": {"producto": 10, "valor": "0.00"}}, {"model": "empresa.empresa", "pk": 1, "fields": {"nombre": "Equipos La Obra", "nit": "100200300", "ciudad": "Turbo", "direccion": "Calle 30 25-30", "departamento": "Antioquia", "telefono": "300300211211", "estado": "activo", "logo": "empresas/img/ensigna_1EW91yx.png"}}, {"model": "empresa.empresa", "pk": 2, "fields": {"nombre": "Alquiler de Equipos Los Fierros", "nit": "100", "ciudad": "Medellin", "direccion": "Calle 100 10-20", "departamento": "Antioquia", "telefono": "312352655", "estado": "activo", "logo": "empresas/img/ensigna_uLGbj22.png"}}, {"model": "empresa.empresa", "pk": 3, "fields": {"nombre": "Ensgina S.A", "nit": "959872654-1", "ciudad": "Turbo", "direccion": "Carrera 25 98-21", "departamento": "Antioquia", "telefono": "3003156498", "estado": "activo", "logo": "empresas/img/ensigna.png"}}, {"model": "empresa.sucursal", "pk": 1, "fields": {"empresa": 2, "nombre": "San Javier", "ciudad": "Medellin", "direccion": "Calle 44 99-20", "departamento": "Antioquia", "telefono": "6256524", "estado": "activo"}}, {"model": "empresa.sucursal", "pk": 2, "fields": {"empresa": 1, "nombre": "Apartado", "ciudad": "Apartado", "direccion": "Carrera 99 37-50", "departamento": "Antioquia", "telefono": "6018252525", "estado": "activo"}}, {"model": "empresa.sucursal", "pk": 3, "fields": {"empresa": 1, "nombre": "Carepa", "ciudad": "Monteria", "direccion": "Transveral 34 21-53", "departamento": "Cordoba", "telefono": "6525265", "estado": "activo"}}, {"model": "autenticacion.usuario", "fields": {"password": "pbkdf2_sha256$1000000$AfXxld6qExhvT8SAvgbUfk$j90l/Ba1eCFzsDRHsuKGhUXO5CMLNNi+TUL+gwwMOr4=", "last_login": "2025-06-01T04:33:18.257Z", "is_superuser": true, "username": "joluro", "first_name": "Jorge Luis", "last_name": "Rodriguez Jimenez", "email": "joluro86@hotmail.com", "is_staff": true, "is_active": true, "date_joined": "2025-05-20T12:28:56.633Z", "telefono": "3176644669", "empresa": 1, "sucursal": 2, "estado": "activo", "foto_perfil": "usuarios/img/foto_joluro_1EA9SI7.jpg", "groups": [], "user_permissions": []}}, {"model": "autenticacion.usuario", "fields": {"password": "pbkdf2_sha256$870000$LlQ5wh6xRpdVIl9FDs35yo$gLUuFT/u1c2NKl6HAVBey9NCRelJh2+qmHumcq5LHn8=", "last_login": "2025-05-26T18:47:02.239Z", "is_superuser": false, "username": "merlis89", "first_name": "Merlis Deis", "last_name": "Navarro Diaz", "email": "medenadi@hotmail.com", "is_staff": false, "is_active": true, "date_joined": "2025-05-20T14:51:35.685Z", "telefono": "3123828544", "empresa": 2, "sucursal": 1, "estado": "activo", "foto_perfil": "usuarios/img/fotomujer.jfif", "groups": [], "user_permissions": []}}, {"model": "alquiler.alquiler", "pk": 1, "fields": {"usuario": ["merlis89"], "cliente": 6, "fecha_inicio": "2025-05-21", "fecha_fin": "2025-05-22", "observaciones": "Cliente espera llamada para confirmar", "total": "12000.00", "estado": "en_curso", "descuento_general": "0.00", "created_at": "2025-05-20T15:36:07.458Z", "updated_at": "2025-05-27T14:16:44.475Z", "created_by": ["merlis89"], "updated_by": ["merlis89"]}}, {"model": "alquiler.alquiler", "pk": 2, "fields": {"usuario": ["joluro"], "cliente": 3, "fecha_inicio": "2025-05-20", "fecha_fin": "2025-05-23", "observaciones": "Observacion 123", "total": "53500.00", "estado": "en_curso", "descuento_general": "15.00", "created_at": "2025-05-20T16:56:53.152Z", "updated_at": "2025-05-23T20:46:35.622Z", "created_by": ["joluro"], "updated_by": ["joluro"]}}, {"model": "alquiler.alquiler", "pk": 3, "fields": {"usuario": ["joluro"], "cliente": 5, "fecha_inicio": null, "fecha_fin": null, "observaciones": "", "total": "0.00", "estado": "borrador", "descuento_general": "10.00", "created_at": "2025-05-20T18:52:50.555Z", "updated_at": "2025-05-23T20:46:58.304Z", "created_by": ["joluro"], "updated_by": ["joluro"]}}, {"model": "alquiler.alquiler", "pk": 4, "fields": {"usuario": ["joluro"], "cliente": 3, "fecha_inicio": null, "fecha_fin": null, "observaciones": "", "total": "0.00", "estado": "borrador", "descuento_general": "0.00", "created_at": "2025-05-20T18:53:08.550Z", "updated_at": "2025-05-23T20:46:48.474Z", "created_by": ["joluro"], "updated_by": ["joluro"]}}, {"model": "alquiler.alquiler", "pk": 5, "fields": {"usuario": ["joluro"], "cliente": 3, "fecha_inicio": "2025-05-20", "fecha_fin": "2025-05-21", "observaciones": "", "total": "14000.00", "estado": "en_curso", "descuento_general": "0.00", "created_at": "2025-05-20T18:59:14.821Z", "updated_at": "2025-05-23T20:47:08.002Z", "created_by": ["joluro"], "updated_by": ["joluro"]}}, {"model": "alquiler.alquiler", "pk": 6, "fields": {"usuario": ["joluro"], "cliente": 3, "fecha_inicio": "2025-05-21", "fecha_fin": "2025-05-23", "observaciones": "Cliente preferencial", "total": "21000.00", "estado": "en_curso", "descuento_general": "0.00", "created_at": "2025-05-20T19:02:57.210Z", "updated_at": "2025-05-23T20:46:19.886Z", "created_by": ["joluro"], "updated_by": ["joluro"]}}, {"model": "alquiler.alquiler", "pk": 7, "fields": {"usuario": ["joluro"], "cliente": 47, "fecha_inicio": null, "fecha_fin": null, "observaciones": "", "total": "5000.00", "estado": "en_curso", "descuento_general": "0.00", "created_at": "2025-05-23T20:33:07.489Z", "updated_at": "2025-05-26T18:46:39.351Z", "created_by": ["joluro"], "updated_by": ["joluro"]}}, {"model": "alquiler.alquiler", "pk": 8, "fields": {"usuario": ["merlis89"], "cliente": 82, "fecha_inicio": "2025-05-27", "fecha_fin": "2025-05-29", "observaciones": "", "total": "196200.00", "estado": "en_curso", "descuento_general": "10.00", "created_at": "2025-05-26T15:56:36.732Z", "updated_at": "2025-05-27T14:16:48.972Z", "created_by": ["merlis89"], "updated_by": ["merlis89"]}}, {"model": "alquiler.alquiler", "pk": 9, "fields": {"usuario": ["merlis89"], "cliente": 78, "fecha_inicio": "2025-05-01", "fecha_fin": "2025-05-03", "observaciones": "Anulado por merlis89 - 2025-05-27 08:38:29", "total": "18000.00", "estado": "anulado", "descuento_general": "0.00", "created_at": "2025-05-26T18:31:15.644Z", "updated_at": "2025-05-27T14:08:42.684Z", "created_by": ["merlis89"], "updated_by": ["merlis89"]}}, {"model": "alquiler.alquiler", "pk": 10, "fields": {"usuario": ["merlis89"], "cliente": 107, "fecha_inicio": "2025-05-26", "fecha_fin": "2025-05-30", "observaciones": "Liquidado por merlis89 - 2025-05-27 10:11:19", "total": "350000.00", "estado": "liquidado", "descuento_general": "0.00", "created_at": "2025-05-27T14:18:12.326Z", "updated_at": "2025-05-27T15:11:19.024Z", "created_by": ["merlis89"], "updated_by": ["merlis89"]}}, {"model": "alquiler.alquileritem", "pk": 10, "fields": {"alquiler": 2, "producto": 2, "cantidad": 2, "dias_a_cobrar": 4, "precio_dia": "2000.00", "valor_iva": "1360.00", "subtotal_item": "0.00", "descuento_porcentaje": "15.00", "valor_item": "13600.00"}}, {"model": "alquiler.alquileritem", "pk": 11, "fields": {"alquiler": 2, "producto": 4, "cantidad": 1, "dias_a_cobrar": 3, "precio_dia": "2000.00", "valor_iva": "510.00", "subtotal_item": "0.00", "descuento_porcentaje": "15.00", "valor_item": "5100.00"}}, {"model": "alquiler.alquileritem", "pk": 12, "fields": {"alquiler": 2, "producto": 1, "cantidad": 1, "dias_a_cobrar": 4, "precio_dia": "2000.00", "valor_iva": "1020.00", "subtotal_item": "0.00", "descuento_porcentaje": "15.00", "valor_item": "6800.00"}}, {"model": "alquiler.alquileritem", "pk": 39, "fields": {"alquiler": 7, "producto": 2, "cantidad": 1, "dias_a_cobrar": 1, "precio_dia": "5000.00", "valor_iva": "0.00", "subtotal_item": "5000.00", "descuento_porcentaje": "0.00", "valor_item": "5000.00"}}, {"model": "alquiler.alquileritem", "pk": 40, "fields": {"alquiler": 6, "producto": 6, "cantidad": 1, "dias_a_cobrar": 3, "precio_dia": "7000.00", "valor_iva": "4200.00", "subtotal_item": "16800.00", "descuento_porcentaje": "0.00", "valor_item": "21000.00"}}, {"model": "alquiler.alquileritem", "pk": 41, "fields": {"alquiler": 2, "producto": 6, "cantidad": 1, "dias_a_cobrar": 4, "precio_dia": "7000.00", "valor_iva": "5600.00", "subtotal_item": "22400.00", "descuento_porcentaje": "0.00", "valor_item": "28000.00"}}, {"model": "alquiler.alquileritem", "pk": 42, "fields": {"alquiler": 5, "producto": 6, "cantidad": 1, "dias_a_cobrar": 2, "precio_dia": "7000.00", "valor_iva": "2800.00", "subtotal_item": "11200.00", "descuento_porcentaje": "0.00", "valor_item": "14000.00"}}, {"model": "alquiler.alquileritem", "pk": 43, "fields": {"alquiler": 8, "producto": 5, "cantidad": 1, "dias_a_cobrar": 3, "precio_dia": "6000.00", "valor_iva": "810.00", "subtotal_item": "15390.00", "descuento_porcentaje": "10.00", "valor_item": "16200.00"}}, {"model": "alquiler.alquileritem", "pk": 45, "fields": {"alquiler": 8, "producto": 3, "cantidad": 5, "dias_a_cobrar": 5, "precio_dia": "8000.00", "valor_iva": "18000.00", "subtotal_item": "162000.00", "descuento_porcentaje": "10.00", "valor_item": "180000.00"}}, {"model": "alquiler.alquileritem", "pk": 46, "fields": {"alquiler": 1, "producto": 5, "cantidad": 1, "dias_a_cobrar": 2, "precio_dia": "6000.00", "valor_iva": "600.00", "subtotal_item": "11400.00", "descuento_porcentaje": "0.00", "valor_item": "12000.00"}}, {"model": "alquiler.alquileritem", "pk": 63, "fields": {"alquiler": 9, "producto": 9, "cantidad": 1, "dias_a_cobrar": 3, "precio_dia": "6000.00", "valor_iva": "0.00", "subtotal_item": "18000.00", "descuento_porcentaje": "0.00", "valor_item": "18000.00"}}, {"model": "alquiler.alquileritem", "pk": 67, "fields": {"alquiler": 10, "producto": 3, "cantidad": 5, "dias_a_cobrar": 5, "precio_dia": "8000.00", "valor_iva": "20000.00", "subtotal_item": "180000.00", "descuento_porcentaje": "0.00", "valor_item": "200000.00"}}, {"model": "alquiler.alquileritem", "pk": 68, "fields": {"alquiler": 10, "producto": 5, "cantidad": 5, "dias_a_cobrar": 5, "precio_dia": "6000.00", "valor_iva": "7500.00", "subtotal_item": "142500.00", "descuento_porcentaje": "0.00", "valor_item": "150000.00"}}, {"model": "alquiler.eventoalquiler", "pk": 1, "fields": {"alquiler": 7, "tipo": "estado", "descripcion": "Cambio automático a En curso al agregar producto", "valor": null, "estado_asociado": "en_curso", "creado_por": ["joluro"], "fecha": "2025-05-23T20:42:44.578Z"}}, {"model": "alquiler.eventoalquiler", "pk": 2, "fields": {"alquiler": 6, "tipo": "estado", "descripcion": "Cambio automático a En curso al agregar producto", "valor": null, "estado_asociado": "en_curso", "creado_por": ["joluro"], "fecha": "2025-05-23T20:46:14.889Z"}}, {"model": "alquiler.eventoalquiler", "pk": 3, "fields": {"alquiler": 2, "tipo": "estado", "descripcion": "Cambio automático a En curso al agregar producto", "valor": null, "estado_asociado": "en_curso", "creado_por": ["joluro"], "fecha": "2025-05-23T20:46:35.612Z"}}, {"model": "alquiler.eventoalquiler", "pk": 4, "fields": {"alquiler": 5, "tipo": "estado", "descripcion": "Cambio automático a En curso al agregar producto", "valor": null, "estado_asociado": "en_curso", "creado_por": ["joluro"], "fecha": "2025-05-23T20:47:07.978Z"}}, {"model": "alquiler.eventoalquiler", "pk": 5, "fields": {"alquiler": 8, "tipo": "estado", "descripcion": "Se crea el alquiler y pasa a estado en curso", "valor": null, "estado_asociado": "en_curso", "creado_por": ["merlis89"], "fecha": "2025-05-26T15:56:46.346Z"}}, {"model": "alquiler.eventoalquiler", "pk": 6, "fields": {"alquiler": 8, "tipo": "estado", "descripcion": "Se crea el alquiler y pasa a estado en curso", "valor": null, "estado_asociado": "en_curso", "creado_por": ["merlis89"], "fecha": "2025-05-26T15:56:56.736Z"}}, {"model": "alquiler.eventoalquiler", "pk": 7, "fields": {"alquiler": 8, "tipo": "estado", "descripcion": "Se crea el alquiler y pasa a estado en curso", "valor": null, "estado_asociado": "en_curso", "creado_por": ["merlis89"], "fecha": "2025-05-26T16:03:19.382Z"}}, {"model": "alquiler.eventoalquiler", "pk": 8, "fields": {"alquiler": 1, "tipo": "estado", "descripcion": "Cambio automático a En curso al agregar producto", "valor": null, "estado_asociado": "en_curso", "creado_por": ["merlis89"], "fecha": "2025-05-26T18:31:04.770Z"}}, {"model": "alquiler.eventoalquiler", "pk": 9, "fields": {"alquiler": 9, "tipo": "estado", "descripcion": "Cambio automático a En curso al agregar producto", "valor": null, "estado_asociado": "en_curso", "creado_por": ["merlis89"], "fecha": "2025-05-26T18:31:27.994Z"}}, {"model": "alquiler.eventoalquiler", "pk": 10, "fields": {"alquiler": 9, "tipo": "estado", "descripcion": "Se crea el alquiler y pasa a estado en curso", "valor": null, "estado_asociado": "en_curso", "creado_por": ["merlis89"], "fecha": "2025-05-26T18:43:31.971Z"}}, {"model": "alquiler.eventoalquiler", "pk": 11, "fields": {"alquiler": 7, "tipo": "estado", "descripcion": "Se crea el alquiler y pasa a estado en curso", "valor": null, "estado_asociado": "en_curso", "creado_por": ["joluro"], "fecha": "2025-05-26T18:46:06.313Z"}}, {"model": "alquiler.eventoalquiler", "pk": 12, "fields": {"alquiler": 7, "tipo": "estado", "descripcion": "Se crea el alquiler y pasa a estado en curso", "valor": null, "estado_asociado": "en_curso", "creado_por": ["joluro"], "fecha": "2025-05-26T18:46:39.303Z"}}, {"model": "alquiler.eventoalquiler", "pk": 13, "fields": {"alquiler": 9, "tipo": "estado", "descripcion": "Se crea el alquiler y pasa a estado en curso", "valor": null, "estado_asociado": "en_curso", "creado_por": ["merlis89"], "fecha": "2025-05-26T18:47:36.539Z"}}, {"model": "alquiler.eventoalquiler", "pk": 14, "fields": {"alquiler": 9, "tipo": "estado", "descripcion": "Se crea el alquiler y pasa a estado en curso", "valor": null, "estado_asociado": "en_curso", "creado_por": ["merlis89"], "fecha": "2025-05-26T18:47:46.501Z"}}, {"model": "alquiler.eventoalquiler", "pk": 15, "fields": {"alquiler": 9, "tipo": "estado", "descripcion": "Se crea el alquiler y pasa a estado en curso", "valor": null, "estado_asociado": "en_curso", "creado_por": ["merlis89"], "fecha": "2025-05-26T20:35:08.974Z"}}, {"model": "alquiler.eventoalquiler", "pk": 16, "fields": {"alquiler": 9, "tipo": "estado", "descripcion": "Se crea el alquiler y pasa a estado en curso", "valor": null, "estado_asociado": "en_curso", "creado_por": ["merlis89"], "fecha": "2025-05-26T20:35:20.405Z"}}, {"model": "alquiler.eventoalquiler", "pk": 17, "fields": {"alquiler": 9, "tipo": "estado", "descripcion": "Se crea el alquiler y pasa a estado en curso", "valor": null, "estado_asociado": "en_curso", "creado_por": ["merlis89"], "fecha": "2025-05-26T20:38:18.273Z"}}, {"model": "alquiler.eventoalquiler", "pk": 18, "fields": {"alquiler": 9, "tipo": "estado", "descripcion": "Se crea el alquiler y pasa a estado en curso", "valor": null, "estado_asociado": "en_curso", "creado_por": ["merlis89"], "fecha": "2025-05-26T20:38:30.077Z"}}, {"model": "alquiler.eventoalquiler", "pk": 19, "fields": {"alquiler": 9, "tipo": "estado", "descripcion": "Se crea el alquiler y pasa a estado en curso", "valor": null, "estado_asociado": "en_curso", "creado_por": ["merlis89"], "fecha": "2025-05-26T20:39:25.893Z"}}, {"model": "alquiler.eventoalquiler", "pk": 20, "fields": {"alquiler": 9, "tipo": "estado", "descripcion": "Se crea el alquiler y pasa a estado en curso", "valor": null, "estado_asociado": "en_curso", "creado_por": ["merlis89"], "fecha": "2025-05-26T20:40:03.782Z"}}, {"model": "alquiler.eventoalquiler", "pk": 21, "fields": {"alquiler": 9, "tipo": "estado", "descripcion": "Se crea el alquiler y pasa a estado en curso", "valor": null, "estado_asociado": "en_curso", "creado_por": ["merlis89"], "fecha": "2025-05-26T20:40:29.815Z"}}, {"model": "alquiler.eventoalquiler", "pk": 22, "fields": {"alquiler": 9, "tipo": "estado", "descripcion": "Se crea el alquiler y pasa a estado en curso", "valor": null, "estado_asociado": "en_curso", "creado_por": ["merlis89"], "fecha": "2025-05-26T20:42:34.889Z"}}, {"model": "alquiler.eventoalquiler", "pk": 23, "fields": {"alquiler": 9, "tipo": "estado", "descripcion": "Se crea el alquiler y pasa a estado en curso", "valor": null, "estado_asociado": "en_curso", "creado_por": ["merlis89"], "fecha": "2025-05-26T20:45:50.414Z"}}, {"model": "alquiler.eventoalquiler", "pk": 24, "fields": {"alquiler": 9, "tipo": "estado", "descripcion": "Se crea el alquiler y pasa a estado en curso", "valor": null, "estado_asociado": "en_curso", "creado_por": ["merlis89"], "fecha": "2025-05-26T20:50:30.261Z"}}, {"model": "alquiler.eventoalquiler", "pk": 25, "fields": {"alquiler": 9, "tipo": "estado", "descripcion": "Se crea el alquiler y pasa a estado en curso", "valor": null, "estado_asociado": "en_curso", "creado_por": ["merlis89"], "fecha": "2025-05-26T20:52:11.828Z"}}, {"model": "alquiler.eventoalquiler", "pk": 26, "fields": {"alquiler": 9, "tipo": "estado", "descripcion": "Se crea el alquiler y pasa a estado en curso", "valor": null, "estado_asociado": "en_curso", "creado_por": ["merlis89"], "fecha": "2025-05-26T20:54:25.593Z"}}, {"model": "alquiler.eventoalquiler", "pk": 27, "fields": {"alquiler": 9, "tipo": "estado", "descripcion": "Se crea el alquiler y pasa a estado en curso", "valor": null, "estado_asociado": "en_curso", "creado_por": ["merlis89"], "fecha": "2025-05-26T21:05:24.527Z"}}, {"model": "alquiler.eventoalquiler", "pk": 28, "fields": {"alquiler": 10, "tipo": "estado", "descripcion": "Cambio automático a En curso al agregar producto", "valor": null, "estado_asociado": "en_curso", "creado_por": ["merlis89"], "fecha": "2025-05-27T14:33:23.047Z"}}, {"model": "alquiler.eventoalquiler", "pk": 29, "fields": {"alquiler": 10, "tipo": "estado", "descripcion": "Se crea el alquiler y pasa a estado en curso", "valor": null, "estado_asociado": "en_curso", "creado_por": ["merlis89"], "fecha": "2025-05-27T14:35:20.092Z"}}, {"model": "persona.persona", "pk": 1, "fields": {"nombre": "Genérico", "apellidos": "Cliente", "tipo_documento": "NIT", "telefono": "300321654", "correo": "generico@demo.com", "direccion": "Sin especificar"}}, {"model": "persona.persona", "pk": 3, "fields": {"nombre": "Miguel Angel", "apellidos": "Carmona", "tipo_documento": "CC", "telefono": "3176644669", "correo": "andres@hotmail.com", "direccion": "Calle 100 56-32 barrio no traiga machete"}}, {"model": "persona.persona", "pk": 5, "fields": {"nombre": "Cliente Genérico", "apellidos": "", "tipo_documento": "NI", "telefono": "", "correo": "generico@demo.com", "direccion": "Sin especificar"}}, {"model": "persona.persona", "pk": 6, "fields": {"nombre": "Andrea", "apellidos": "Gil", "tipo_documento": "CC", "telefono": "30006694656", "correo": "andrea@hotmail.com", "direccion": "Uraba"}}, {"model": "persona.persona", "pk": 7, "fields": {"nombre": "Ana", "apellidos": "Suarez", "tipo_documento": "CC", "telefono": "3902768713", "correo": "ana.suarez84@correo.com", "direccion": "Calle 100"}}, {"model": "persona.persona", "pk": 8, "fields": {"nombre": "Ana", "apellidos": "Lopez", "tipo_documento": "CC", "telefono": "3401158846", "correo": "ana.lopez52@correo.com", "direccion": "Barrio Centro"}}, {"model": "persona.persona", "pk": 9, "fields": {"nombre": "Pedro", "apellidos": "Rodriguez", "tipo_documento": "CC", "telefono": "3617910347", "correo": "pedro.rodriguez8@mail.com", "direccion": "Sin especificar"}}, {"model": "persona.persona", "pk": 10, "fields": {"nombre": "Luis", "apellidos": "Perez", "tipo_documento": "CE", "telefono": "3252948457", "correo": "luis.perez71@demo.com", "direccion": "Barrio Centro"}}, {"model": "persona.persona", "pk": 11, "fields": {"nombre": "Luis", "apellidos": "Fernandez", "tipo_documento": "CC", "telefono": "3832284873", "correo": "luis.fernandez62@mail.com", "direccion": "Diagonal 10"}}, {"model": "persona.persona", "pk": 12, "fields": {"nombre": "Ana", "apellidos": "Torres", "tipo_documento": "CC", "telefono": "3521954075", "correo": "ana.torres73@mail.com", "direccion": "Avenida 80"}}, {"model": "persona.persona", "pk": 13, "fields": {"nombre": "Carlos", "apellidos": "Lopez", "tipo_documento": "CE", "telefono": "3783850159", "correo": "carlos.lopez38@demo.com", "direccion": "Diagonal 10"}}, {"model": "persona.persona", "pk": 14, "fields": {"nombre": "Pedro", "apellidos": "Morales", "tipo_documento": "CC", "telefono": "3491184173", "correo": "pedro.morales15@demo.com", "direccion": "Barrio Centro"}}, {"model": "persona.persona", "pk": 15, "fields": {"nombre": "Laura", "apellidos": "Suarez", "tipo_documento": "CE", "telefono": "3137910928", "correo": "laura.suarez10@mail.com", "direccion": "Barrio Centro"}}, {"model": "persona.persona", "pk": 16, "fields": {"nombre": "Jorge", "apellidos": "Perez", "tipo_documento": "CE", "telefono": "3485114077", "correo": "jorge.perez10@demo.com", "direccion": "Avenida 80"}}, {"model": "persona.persona", "pk": 17, "fields": {"nombre": "Diego", "apellidos": "Gomez", "tipo_documento": "CC", "telefono": "3860767867", "correo": "diego.gomez30@mail.com", "direccion": "Barrio Centro"}}, {"model": "persona.persona", "pk": 18, "fields": {"nombre": "Diego", "apellidos": "Lopez", "tipo_documento": "CC", "telefono": "3689658815", "correo": "diego.lopez93@correo.com", "direccion": "Avenida 80"}}, {"model": "persona.persona", "pk": 19, "fields": {"nombre": "Luis", "apellidos": "Morales", "tipo_documento": "NIT", "telefono": "3372890362", "correo": "luis.morales76@demo.com", "direccion": "Carrera 45"}}, {"model": "persona.persona", "pk": 20, "fields": {"nombre": "Diego", "apellidos": "Rodriguez", "tipo_documento": "CC", "telefono": "3306303522", "correo": "diego.rodriguez24@demo.com", "direccion": "Diagonal 10"}}, {"model": "persona.persona", "pk": 21, "fields": {"nombre": "Valeria", "apellidos": "Rodriguez", "tipo_documento": "NIT", "telefono": "3223300677", "correo": "valeria.rodriguez77@correo.com", "direccion": "Carrera 45"}}, {"model": "persona.persona", "pk": 22, "fields": {"nombre": "Camila", "apellidos": "Suarez", "tipo_documento": "CE", "telefono": "3300375643", "correo": "camila.suarez53@mail.com", "direccion": "Barrio Centro"}}, {"model": "persona.persona", "pk": 23, "fields": {"nombre": "Jorge", "apellidos": "Martinez", "tipo_documento": "NIT", "telefono": "3217123818", "correo": "jorge.martinez54@mail.com", "direccion": "Carrera 45"}}, {"model": "persona.persona", "pk": 24, "fields": {"nombre": "Laura", "apellidos": "Lopez", "tipo_documento": "CE", "telefono": "3391857046", "correo": "laura.lopez43@correo.com", "direccion": "Barrio Centro"}}, {"model": "persona.persona", "pk": 25, "fields": {"nombre": "Jorge", "apellidos": "Garcia", "tipo_documento": "CE", "telefono": "3758549953", "correo": "jorge.garcia34@correo.com", "direccion": "Barrio Centro"}}, {"model": "persona.persona", "pk": 26, "fields": {"nombre": "Pedro", "apellidos": "Lopez", "tipo_documento": "CE", "telefono": "3107793556", "correo": "pedro.lopez79@demo.com", "direccion": "Carrera 45"}}, {"model": "persona.persona", "pk": 27, "fields": {"nombre": "Luis", "apellidos": "Garcia", "tipo_documento": "NIT", "telefono": "3506725703", "correo": "luis.garcia29@correo.com", "direccion": "Calle 100"}}, {"model": "persona.persona", "pk": 28, "fields": {"nombre": "Mariana", "apellidos": "Gomez", "tipo_documento": "CE", "telefono": "3476870376", "correo": "mariana.gomez16@mail.com", "direccion": "Diagonal 10"}}, {"model": "persona.persona", "pk": 29, "fields": {"nombre": "Carlos", "apellidos": "Perez", "tipo_documento": "CC", "telefono": "3947487709", "correo": "carlos.perez42@mail.com", "direccion": "Carrera 45"}}, {"model": "persona.persona", "pk": 30, "fields": {"nombre": "Valeria", "apellidos": "Martinez", "tipo_documento": "CE", "telefono": "3795516260", "correo": "valeria.martinez99@correo.com", "direccion": "Diagonal 10"}}, {"model": "persona.persona", "pk": 31, "fields": {"nombre": "Diego", "apellidos": "Lopez", "tipo_documento": "CC", "telefono": "3995794701", "correo": "diego.lopez68@correo.com", "direccion": "Avenida 80"}}, {"model": "persona.persona", "pk": 32, "fields": {"nombre": "Laura", "apellidos": "Gomez", "tipo_documento": "CE", "telefono": "3717916803", "correo": "laura.gomez82@demo.com", "direccion": "Carrera 45"}}, {"model": "persona.persona", "pk": 33, "fields": {"nombre": "Valeria", "apellidos": "Martinez", "tipo_documento": "NIT", "telefono": "3488091489", "correo": "valeria.martinez36@mail.com", "direccion": "Avenida 80"}}, {"model": "persona.persona", "pk": 34, "fields": {"nombre": "Valeria", "apellidos": "Torres", "tipo_documento": "CE", "telefono": "3382993282", "correo": "valeria.torres59@mail.com", "direccion": "Sin especificar"}}, {"model": "persona.persona", "pk": 35, "fields": {"nombre": "Pedro", "apellidos": "Torres", "tipo_documento": "CE", "telefono": "3261044213", "correo": "pedro.torres50@correo.com", "direccion": "Carrera 45"}}, {"model": "persona.persona", "pk": 36, "fields": {"nombre": "Mariana", "apellidos": "Suarez", "tipo_documento": "NIT", "telefono": "3919480429", "correo": "mariana.suarez99@demo.com", "direccion": "Avenida 80"}}, {"model": "persona.persona", "pk": 37, "fields": {"nombre": "Mariana", "apellidos": "Rodriguez", "tipo_documento": "NIT", "telefono": "3329548365", "correo": "mariana.rodriguez83@correo.com", "direccion": "Sin especificar"}}, {"model": "persona.persona", "pk": 38, "fields": {"nombre": "Valeria", "apellidos": "Suarez", "tipo_documento": "CE", "telefono": "3629867600", "correo": "valeria.suarez32@correo.com", "direccion": "Avenida 80"}}, {"model": "persona.persona", "pk": 39, "fields": {"nombre": "Luis", "apellidos": "Lopez", "tipo_documento": "CC", "telefono": "3296130470", "correo": "luis.lopez44@mail.com", "direccion": "Carrera 45"}}, {"model": "persona.persona", "pk": 40, "fields": {"nombre": "Laura", "apellidos": "Martinez", "tipo_documento": "CC", "telefono": "3477174829", "correo": "laura.martinez2@mail.com", "direccion": "Calle 100"}}, {"model": "persona.persona", "pk": 41, "fields": {"nombre": "Ana", "apellidos": "Morales", "tipo_documento": "CC", "telefono": "3111315398", "correo": "ana.morales23@demo.com", "direccion": "Barrio Centro"}}, {"model": "persona.persona", "pk": 42, "fields": {"nombre": "Ana", "apellidos": "Perez", "tipo_documento": "CE", "telefono": "3555364119", "correo": "ana.perez40@demo.com", "direccion": "Barrio Centro"}}, {"model": "persona.persona", "pk": 43, "fields": {"nombre": "Pedro", "apellidos": "Garcia", "tipo_documento": "NIT", "telefono": "3236637201", "correo": "pedro.garcia92@correo.com", "direccion": "Barrio Centro"}}, {"model": "persona.persona", "pk": 44, "fields": {"nombre": "Camila", "apellidos": "Rodriguez", "tipo_documento": "CE", "telefono": "3928035674", "correo": "camila.rodriguez27@demo.com", "direccion": "Diagonal 10"}}, {"model": "persona.persona", "pk": 45, "fields": {"nombre": "Diego", "apellidos": "Garcia", "tipo_documento": "CE", "telefono": "3513693784", "correo": "diego.garcia98@mail.com", "direccion": "Sin especificar"}}, {"model": "persona.persona", "pk": 46, "fields": {"nombre": "Valeria", "apellidos": "Garcia", "tipo_documento": "CE", "telefono": "3707819864", "correo": "valeria.garcia97@mail.com", "direccion": "Sin especificar"}}, {"model": "persona.persona", "pk": 47, "fields": {"nombre": "Camila", "apellidos": "Fernandez", "tipo_documento": "CC", "telefono": "3730649172", "correo": "camila.fernandez84@correo.com", "direccion": "Diagonal 10"}}, {"model": "persona.persona", "pk": 48, "fields": {"nombre": "Jorge", "apellidos": "Morales", "tipo_documento": "CE", "telefono": "3987671307", "correo": "jorge.morales20@mail.com", "direccion": "Avenida 80"}}, {"model": "persona.persona", "pk": 49, "fields": {"nombre": "Mariana", "apellidos": "Rodriguez", "tipo_documento": "NIT", "telefono": "3779471478", "correo": "mariana.rodriguez65@mail.com", "direccion": "Barrio Centro"}}, {"model": "persona.persona", "pk": 50, "fields": {"nombre": "Mariana", "apellidos": "Martinez", "tipo_documento": "CE", "telefono": "3770492292", "correo": "mariana.martinez85@correo.com", "direccion": "Diagonal 10"}}, {"model": "persona.persona", "pk": 51, "fields": {"nombre": "Diego", "apellidos": "Martinez", "tipo_documento": "CE", "telefono": "3658334973", "correo": "diego.martinez60@correo.com", "direccion": "Diagonal 10"}}, {"model": "persona.persona", "pk": 52, "fields": {"nombre": "Camila", "apellidos": "Gomez", "tipo_documento": "CE", "telefono": "3970585877", "correo": "camila.gomez67@demo.com", "direccion": "Avenida 80"}}, {"model": "persona.persona", "pk": 53, "fields": {"nombre": "Diego", "apellidos": "Rodriguez", "tipo_documento": "CE", "telefono": "3486125595", "correo": "diego.rodriguez72@mail.com", "direccion": "Avenida 80"}}, {"model": "persona.persona", "pk": 54, "fields": {"nombre": "Ana", "apellidos": "Lopez", "tipo_documento": "CE", "telefono": "3732003966", "correo": "ana.lopez64@mail.com", "direccion": "Sin especificar"}}, {"model": "persona.persona", "pk": 55, "fields": {"nombre": "Diego", "apellidos": "Morales", "tipo_documento": "NIT", "telefono": "3797940318", "correo": "diego.morales78@demo.com", "direccion": "Sin especificar"}}, {"model": "persona.persona", "pk": 56, "fields": {"nombre": "Luis", "apellidos": "Morales", "tipo_documento": "CE", "telefono": "3179412168", "correo": "luis.morales91@mail.com", "direccion": "Diagonal 10"}}, {"model": "persona.persona", "pk": 57, "fields": {"nombre": "Laura", "apellidos": "Gomez", "tipo_documento": "CE", "telefono": "3284185939", "correo": "laura.gomez4@mail.com", "direccion": "Avenida 80"}}, {"model": "persona.persona", "pk": 58, "fields": {"nombre": "Carlos", "apellidos": "Morales", "tipo_documento": "CE", "telefono": "3191198546", "correo": "carlos.morales38@mail.com", "direccion": "Sin especificar"}}, {"model": "persona.persona", "pk": 59, "fields": {"nombre": "Camila", "apellidos": "Garcia", "tipo_documento": "CC", "telefono": "3382040792", "correo": "camila.garcia71@correo.com", "direccion": "Sin especificar"}}, {"model": "persona.persona", "pk": 60, "fields": {"nombre": "Mariana", "apellidos": "Fernandez", "tipo_documento": "NIT", "telefono": "3704614839", "correo": "mariana.fernandez44@demo.com", "direccion": "Avenida 80"}}, {"model": "persona.persona", "pk": 61, "fields": {"nombre": "Pedro", "apellidos": "Garcia", "tipo_documento": "CE", "telefono": "3296988849", "correo": "pedro.garcia75@correo.com", "direccion": "Sin especificar"}}, {"model": "persona.persona", "pk": 62, "fields": {"nombre": "Diego", "apellidos": "Perez", "tipo_documento": "CC", "telefono": "3777698637", "correo": "diego.perez92@demo.com", "direccion": "Sin especificar"}}, {"model": "persona.persona", "pk": 63, "fields": {"nombre": "Jorge", "apellidos": "Fernandez", "tipo_documento": "CC", "telefono": "3662330062", "correo": "jorge.fernandez46@demo.com", "direccion": "Carrera 45"}}, {"model": "persona.persona", "pk": 64, "fields": {"nombre": "Mariana", "apellidos": "Rodriguez", "tipo_documento": "NIT", "telefono": "3479179764", "correo": "mariana.rodriguez39@correo.com", "direccion": "Sin especificar"}}, {"model": "persona.persona", "pk": 65, "fields": {"nombre": "Luis", "apellidos": "Gomez", "tipo_documento": "CC", "telefono": "3526547057", "correo": "luis.gomez8@demo.com", "direccion": "Calle 100"}}, {"model": "persona.persona", "pk": 66, "fields": {"nombre": "Pedro", "apellidos": "Fernandez", "tipo_documento": "CC", "telefono": "3199979413", "correo": "pedro.fernandez51@demo.com", "direccion": "Carrera 45"}}, {"model": "persona.persona", "pk": 67, "fields": {"nombre": "Laura", "apellidos": "Garcia", "tipo_documento": "CE", "telefono": "3253969604", "correo": "laura.garcia41@correo.com", "direccion": "Diagonal 10"}}, {"model": "persona.persona", "pk": 69, "fields": {"nombre": "Jorge", "apellidos": "Torres", "tipo_documento": "CC", "telefono": "3983539683", "correo": "jorge.torres6@correo.com", "direccion": "Avenida 80"}}, {"model": "persona.persona", "pk": 70, "fields": {"nombre": "Luis", "apellidos": "Gomez", "tipo_documento": "CC", "telefono": "3540163553", "correo": "luis.gomez70@correo.com", "direccion": "Barrio Centro"}}, {"model": "persona.persona", "pk": 71, "fields": {"nombre": "Laura", "apellidos": "Perez", "tipo_documento": "CE", "telefono": "3486623936", "correo": "laura.perez3@mail.com", "direccion": "Avenida 80"}}, {"model": "persona.persona", "pk": 72, "fields": {"nombre": "Carlos", "apellidos": "Lopez", "tipo_documento": "CC", "telefono": "3442086765", "correo": "carlos.lopez69@mail.com", "direccion": "Diagonal 10"}}, {"model": "persona.persona", "pk": 73, "fields": {"nombre": "Pedro", "apellidos": "Garcia", "tipo_documento": "NIT", "telefono": "3538978640", "correo": "pedro.garcia28@demo.com", "direccion": "Avenida 80"}}, {"model": "persona.persona", "pk": 74, "fields": {"nombre": "Jorge", "apellidos": "Torres", "tipo_documento": "CC", "telefono": "3471668782", "correo": "jorge.torres27@correo.com", "direccion": "Diagonal 10"}}, {"model": "persona.persona", "pk": 75, "fields": {"nombre": "Valeria", "apellidos": "Perez", "tipo_documento": "CC", "telefono": "3232252512", "correo": "valeria.perez8@correo.com", "direccion": "Sin especificar"}}, {"model": "persona.persona", "pk": 76, "fields": {"nombre": "Carlos", "apellidos": "Suarez", "tipo_documento": "CE", "telefono": "3353893629", "correo": "carlos.suarez5@correo.com", "direccion": "Barrio Centro"}}, {"model": "persona.persona", "pk": 77, "fields": {"nombre": "Laura", "apellidos": "Torres", "tipo_documento": "CE", "telefono": "3186397172", "correo": "laura.torres65@mail.com", "direccion": "Sin especificar"}}, {"model": "persona.persona", "pk": 78, "fields": {"nombre": "Camila", "apellidos": "Rodriguez", "tipo_documento": "NIT", "telefono": "3462416716", "correo": "camila.rodriguez90@mail.com", "direccion": "Avenida 80"}}, {"model": "persona.persona", "pk": 79, "fields": {"nombre": "Diego", "apellidos": "Suarez", "tipo_documento": "CC", "telefono": "3688503135", "correo": "diego.suarez69@demo.com", "direccion": "Diagonal 10"}}, {"model": "persona.persona", "pk": 80, "fields": {"nombre": "Luis", "apellidos": "Torres", "tipo_documento": "CC", "telefono": "3245762491", "correo": "luis.torres70@correo.com", "direccion": "Calle 100"}}, {"model": "persona.persona", "pk": 81, "fields": {"nombre": "Valeria", "apellidos": "Garcia", "tipo_documento": "NIT", "telefono": "3463943586", "correo": "valeria.garcia22@demo.com", "direccion": "Avenida 80"}}, {"model": "persona.persona", "pk": 82, "fields": {"nombre": "Luis", "apellidos": "Lopez", "tipo_documento": "CE", "telefono": "3991972914", "correo": "luis.lopez58@mail.com", "direccion": "Barrio Centro"}}, {"model": "persona.persona", "pk": 83, "fields": {"nombre": "Camila", "apellidos": "Garcia", "tipo_documento": "CE", "telefono": "3962845776", "correo": "camila.garcia11@correo.com", "direccion": "Carrera 45"}}, {"model": "persona.persona", "pk": 84, "fields": {"nombre": "Camila", "apellidos": "Torres", "tipo_documento": "NIT", "telefono": "3990075675", "correo": "camila.torres97@mail.com", "direccion": "Barrio Centro"}}, {"model": "persona.persona", "pk": 85, "fields": {"nombre": "Laura", "apellidos": "Garcia", "tipo_documento": "NIT", "telefono": "3644080580", "correo": "laura.garcia49@demo.com", "direccion": "Calle 100"}}, {"model": "persona.persona", "pk": 86, "fields": {"nombre": "Diego", "apellidos": "Perez", "tipo_documento": "CC", "telefono": "3732565828", "correo": "diego.perez58@correo.com", "direccion": "Calle 100"}}, {"model": "persona.persona", "pk": 87, "fields": {"nombre": "Pedro", "apellidos": "Perez", "tipo_documento": "NIT", "telefono": "3187217725", "correo": "pedro.perez43@correo.com", "direccion": "Carrera 45"}}, {"model": "persona.persona", "pk": 88, "fields": {"nombre": "Valeria", "apellidos": "Perez", "tipo_documento": "CE", "telefono": "3879288935", "correo": "valeria.perez43@demo.com", "direccion": "Diagonal 10"}}, {"model": "persona.persona", "pk": 89, "fields": {"nombre": "Laura", "apellidos": "Rodriguez", "tipo_documento": "CE", "telefono": "3154129725", "correo": "laura.rodriguez48@mail.com", "direccion": "Sin especificar"}}, {"model": "persona.persona", "pk": 90, "fields": {"nombre": "Diego", "apellidos": "Gomez", "tipo_documento": "CC", "telefono": "3132902644", "correo": "diego.gomez60@mail.com", "direccion": "Avenida 80"}}, {"model": "persona.persona", "pk": 91, "fields": {"nombre": "Diego", "apellidos": "Martinez", "tipo_documento": "CE", "telefono": "3133150943", "correo": "diego.martinez8@correo.com", "direccion": "Barrio Centro"}}, {"model": "persona.persona", "pk": 92, "fields": {"nombre": "Jorge", "apellidos": "Lopez", "tipo_documento": "CE", "telefono": "3104427062", "correo": "jorge.lopez24@correo.com", "direccion": "Avenida 80"}}, {"model": "persona.persona", "pk": 93, "fields": {"nombre": "Jorge", "apellidos": "Martinez", "tipo_documento": "NIT", "telefono": "3572925948", "correo": "jorge.martinez80@correo.com", "direccion": "Sin especificar"}}, {"model": "persona.persona", "pk": 94, "fields": {"nombre": "Valeria", "apellidos": "Suarez", "tipo_documento": "CE", "telefono": "3386466750", "correo": "valeria.suarez5@demo.com", "direccion": "Carrera 45"}}, {"model": "persona.persona", "pk": 95, "fields": {"nombre": "Laura", "apellidos": "Garcia", "tipo_documento": "CE", "telefono": "3498582299", "correo": "laura.garcia53@demo.com", "direccion": "Sin especificar"}}, {"model": "persona.persona", "pk": 96, "fields": {"nombre": "Jorge", "apellidos": "Rodriguez", "tipo_documento": "NIT", "telefono": "3108697067", "correo": "jorge.rodriguez52@mail.com", "direccion": "Barrio Centro"}}, {"model": "persona.persona", "pk": 97, "fields": {"nombre": "Diego", "apellidos": "Rodriguez", "tipo_documento": "CC", "telefono": "3187335486", "correo": "diego.rodriguez92@mail.com", "direccion": "Carrera 45"}}, {"model": "persona.persona", "pk": 98, "fields": {"nombre": "Laura", "apellidos": "Lopez", "tipo_documento": "CC", "telefono": "3436397573", "correo": "laura.lopez73@correo.com", "direccion": "Carrera 45"}}, {"model": "persona.persona", "pk": 99, "fields": {"nombre": "Diego", "apellidos": "Rodriguez", "tipo_documento": "CC", "telefono": "3383333630", "correo": "diego.rodriguez72@correo.com", "direccion": "Barrio Centro"}}, {"model": "persona.persona", "pk": 100, "fields": {"nombre": "Luis", "apellidos": "Rodriguez", "tipo_documento": "NIT", "telefono": "3558642317", "correo": "luis.rodriguez56@mail.com", "direccion": "Diagonal 10"}}, {"model": "persona.persona", "pk": 101, "fields": {"nombre": "Laura", "apellidos": "Suarez", "tipo_documento": "NIT", "telefono": "3107634920", "correo": "laura.suarez75@demo.com", "direccion": "Carrera 45"}}, {"model": "persona.persona", "pk": 102, "fields": {"nombre": "Diego", "apellidos": "Suarez", "tipo_documento": "NIT", "telefono": "3231304288", "correo": "diego.suarez82@correo.com", "direccion": "Barrio Centro"}}, {"model": "persona.persona", "pk": 103, "fields": {"nombre": "Ana", "apellidos": "Martinez", "tipo_documento": "CE", "telefono": "3865435383", "correo": "ana.martinez89@correo.com", "direccion": "Sin especificar"}}, {"model": "persona.persona", "pk": 104, "fields": {"nombre": "Pedro", "apellidos": "Perez", "tipo_documento": "CE", "telefono": "3226909463", "correo": "pedro.perez14@mail.com", "direccion": "Barrio Centro"}}, {"model": "persona.persona", "pk": 105, "fields": {"nombre": "Valeria", "apellidos": "Rodriguez", "tipo_documento": "CE", "telefono": "3413032874", "correo": "valeria.rodriguez12@demo.com", "direccion": "Barrio Centro"}}, {"model": "persona.persona", "pk": 106, "fields": {"nombre": "Diego", "apellidos": "Lopez", "tipo_documento": "CE", "telefono": "3356851328", "correo": "diego.lopez18@demo.com", "direccion": "Sin especificar"}}, {"model": "persona.persona", "pk": 107, "fields": {"nombre": "Cliente Genérico", "apellidos": "", "tipo_documento": "NI", "telefono": "", "correo": "generico@demo.com", "direccion": "Sin especificar"}}, {"model": "cliente.cliente", "pk": 1, "fields": {"persona_ptr": 1, "documento": "0", "empresa": 2, "estado": true}}, {"model": "cliente.cliente", "pk": 3, "fields": {"persona_ptr": 3, "documento": "1027941050", "empresa": 1, "estado": true}}, {"model": "cliente.cliente", "pk": 5, "fields": {"persona_ptr": 5, "documento": "0000", "empresa": 1, "estado": true}}, {"model": "cliente.cliente", "pk": 6, "fields": {"persona_ptr": 6, "documento": "100200321", "empresa": 2, "estado": true}}, {"model": "cliente.cliente", "pk": 7, "fields": {"persona_ptr": 7, "documento": "34594067", "empresa": 1, "estado": false}}, {"model": "cliente.cliente", "pk": 8, "fields": {"persona_ptr": 8, "documento": "64101011", "empresa": 1, "estado": true}}, {"model": "cliente.cliente", "pk": 9, "fields": {"persona_ptr": 9, "documento": "25494296", "empresa": 1, "estado": true}}, {"model": "cliente.cliente", "pk": 10, "fields": {"persona_ptr": 10, "documento": "73844078", "empresa": 1, "estado": true}}, {"model": "cliente.cliente", "pk": 11, "fields": {"persona_ptr": 11, "documento": "53749295", "empresa": 1, "estado": true}}, {"model": "cliente.cliente", "pk": 12, "fields": {"persona_ptr": 12, "documento": "19463438", "empresa": 1, "estado": true}}, {"model": "cliente.cliente", "pk": 13, "fields": {"persona_ptr": 13, "documento": "22081019", "empresa": 1, "estado": true}}, {"model": "cliente.cliente", "pk": 14, "fields": {"persona_ptr": 14, "documento": "21812727", "empresa": 1, "estado": true}}, {"model": "cliente.cliente", "pk": 15, "fields": {"persona_ptr": 15, "documento": "20874910", "empresa": 1, "estado": true}}, {"model": "cliente.cliente", "pk": 16, "fields": {"persona_ptr": 16, "documento": "89488647", "empresa": 1, "estado": true}}, {"model": "cliente.cliente", "pk": 17, "fields": {"persona_ptr": 17, "documento": "14912356", "empresa": 1, "estado": true}}, {"model": "cliente.cliente", "pk": 18, "fields": {"persona_ptr": 18, "documento": "25684354", "empresa": 1, "estado": true}}, {"model": "cliente.cliente", "pk": 19, "fields": {"persona_ptr": 19, "documento": "40008042", "empresa": 1, "estado": true}}, {"model": "cliente.cliente", "pk": 20, "fields": {"persona_ptr": 20, "documento": "51922870", "empresa": 1, "estado": true}}, {"model": "cliente.cliente", "pk": 21, "fields": {"persona_ptr": 21, "documento": "79313785", "empresa": 1, "estado": true}}, {"model": "cliente.cliente", "pk": 22, "fields": {"persona_ptr": 22, "documento": "63736430", "empresa": 1, "estado": true}}, {"model": "cliente.cliente", "pk": 23, "fields": {"persona_ptr": 23, "documento": "46237349", "empresa": 1, "estado": true}}, {"model": "cliente.cliente", "pk": 24, "fields": {"persona_ptr": 24, "documento": "84234375", "empresa": 1, "estado": true}}, {"model": "cliente.cliente", "pk": 25, "fields": {"persona_ptr": 25, "documento": "46771257", "empresa": 1, "estado": true}}, {"model": "cliente.cliente", "pk": 26, "fields": {"persona_ptr": 26, "documento": "30723424", "empresa": 1, "estado": true}}, {"model": "cliente.cliente", "pk": 27, "fields": {"persona_ptr": 27, "documento": "65511706", "empresa": 1, "estado": true}}, {"model": "cliente.cliente", "pk": 28, "fields": {"persona_ptr": 28, "documento": "61109286", "empresa": 1, "estado": true}}, {"model": "cliente.cliente", "pk": 29, "fields": {"persona_ptr": 29, "documento": "48754858", "empresa": 1, "estado": true}}, {"model": "cliente.cliente", "pk": 30, "fields": {"persona_ptr": 30, "documento": "83028454", "empresa": 1, "estado": true}}, {"model": "cliente.cliente", "pk": 31, "fields": {"persona_ptr": 31, "documento": "69841048", "empresa": 1, "estado": true}}, {"model": "cliente.cliente", "pk": 32, "fields": {"persona_ptr": 32, "documento": "27822751", "empresa": 1, "estado": true}}, {"model": "cliente.cliente", "pk": 33, "fields": {"persona_ptr": 33, "documento": "39945160", "empresa": 1, "estado": true}}, {"model": "cliente.cliente", "pk": 34, "fields": {"persona_ptr": 34, "documento": "32855020", "empresa": 1, "estado": true}}, {"model": "cliente.cliente", "pk": 35, "fields": {"persona_ptr": 35, "documento": "70584959", "empresa": 1, "estado": true}}, {"model": "cliente.cliente", "pk": 36, "fields": {"persona_ptr": 36, "documento": "11053007", "empresa": 1, "estado": true}}, {"model": "cliente.cliente", "pk": 37, "fields": {"persona_ptr": 37, "documento": "72136934", "empresa": 1, "estado": true}}, {"model": "cliente.cliente", "pk": 38, "fields": {"persona_ptr": 38, "documento": "17159055", "empresa": 1, "estado": true}}, {"model": "cliente.cliente", "pk": 39, "fields": {"persona_ptr": 39, "documento": "13419086", "empresa": 1, "estado": true}}, {"model": "cliente.cliente", "pk": 40, "fields": {"persona_ptr": 40, "documento": "10909316", "empresa": 1, "estado": true}}, {"model": "cliente.cliente", "pk": 41, "fields": {"persona_ptr": 41, "documento": "18476136", "empresa": 1, "estado": false}}, {"model": "cliente.cliente", "pk": 42, "fields": {"persona_ptr": 42, "documento": "65639725", "empresa": 1, "estado": true}}, {"model": "cliente.cliente", "pk": 43, "fields": {"persona_ptr": 43, "documento": "19039600", "empresa": 1, "estado": true}}, {"model": "cliente.cliente", "pk": 44, "fields": {"persona_ptr": 44, "documento": "29741067", "empresa": 1, "estado": true}}, {"model": "cliente.cliente", "pk": 45, "fields": {"persona_ptr": 45, "documento": "94177129", "empresa": 1, "estado": true}}, {"model": "cliente.cliente", "pk": 46, "fields": {"persona_ptr": 46, "documento": "12490235", "empresa": 1, "estado": true}}, {"model": "cliente.cliente", "pk": 47, "fields": {"persona_ptr": 47, "documento": "14551085", "empresa": 1, "estado": true}}, {"model": "cliente.cliente", "pk": 48, "fields": {"persona_ptr": 48, "documento": "12100903", "empresa": 1, "estado": true}}, {"model": "cliente.cliente", "pk": 49, "fields": {"persona_ptr": 49, "documento": "96493001", "empresa": 1, "estado": true}}, {"model": "cliente.cliente", "pk": 50, "fields": {"persona_ptr": 50, "documento": "45878348", "empresa": 1, "estado": true}}, {"model": "cliente.cliente", "pk": 51, "fields": {"persona_ptr": 51, "documento": "23249774", "empresa": 1, "estado": true}}, {"model": "cliente.cliente", "pk": 52, "fields": {"persona_ptr": 52, "documento": "67419906", "empresa": 1, "estado": true}}, {"model": "cliente.cliente", "pk": 53, "fields": {"persona_ptr": 53, "documento": "32204555", "empresa": 1, "estado": true}}, {"model": "cliente.cliente", "pk": 54, "fields": {"persona_ptr": 54, "documento": "98221803", "empresa": 1, "estado": true}}, {"model": "cliente.cliente", "pk": 55, "fields": {"persona_ptr": 55, "documento": "29610714", "empresa": 1, "estado": true}}, {"model": "cliente.cliente", "pk": 56, "fields": {"persona_ptr": 56, "documento": "57585529", "empresa": 1, "estado": true}}, {"model": "cliente.cliente", "pk": 57, "fields": {"persona_ptr": 57, "documento": "48774298", "empresa": 2, "estado": true}}, {"model": "cliente.cliente", "pk": 58, "fields": {"persona_ptr": 58, "documento": "51568930", "empresa": 2, "estado": true}}, {"model": "cliente.cliente", "pk": 59, "fields": {"persona_ptr": 59, "documento": "63413381", "empresa": 2, "estado": false}}, {"model": "cliente.cliente", "pk": 60, "fields": {"persona_ptr": 60, "documento": "47655678", "empresa": 2, "estado": true}}, {"model": "cliente.cliente", "pk": 61, "fields": {"persona_ptr": 61, "documento": "82045273", "empresa": 2, "estado": true}}, {"model": "cliente.cliente", "pk": 62, "fields": {"persona_ptr": 62, "documento": "91428014", "empresa": 2, "estado": true}}, {"model": "cliente.cliente", "pk": 63, "fields": {"persona_ptr": 63, "documento": "67717891", "empresa": 2, "estado": true}}, {"model": "cliente.cliente", "pk": 64, "fields": {"persona_ptr": 64, "documento": "73474583", "empresa": 2, "estado": true}}, {"model": "cliente.cliente", "pk": 65, "fields": {"persona_ptr": 65, "documento": "95756591", "empresa": 2, "estado": true}}, {"model": "cliente.cliente", "pk": 66, "fields": {"persona_ptr": 66, "documento": "73544428", "empresa": 2, "estado": true}}, {"model": "cliente.cliente", "pk": 67, "fields": {"persona_ptr": 67, "documento": "70549241", "empresa": 2, "estado": true}}, {"model": "cliente.cliente", "pk": 69, "fields": {"persona_ptr": 69, "documento": "88418473", "empresa": 2, "estado": true}}, {"model": "cliente.cliente", "pk": 70, "fields": {"persona_ptr": 70, "documento": "52469384", "empresa": 2, "estado": true}}, {"model": "cliente.cliente", "pk": 71, "fields": {"persona_ptr": 71, "documento": "99030377", "empresa": 2, "estado": true}}, {"model": "cliente.cliente", "pk": 72, "fields": {"persona_ptr": 72, "documento": "88940073", "empresa": 2, "estado": true}}, {"model": "cliente.cliente", "pk": 73, "fields": {"persona_ptr": 73, "documento": "11653555", "empresa": 2, "estado": true}}, {"model": "cliente.cliente", "pk": 74, "fields": {"persona_ptr": 74, "documento": "35244396", "empresa": 2, "estado": true}}, {"model": "cliente.cliente", "pk": 75, "fields": {"persona_ptr": 75, "documento": "73586457", "empresa": 2, "estado": true}}, {"model": "cliente.cliente", "pk": 76, "fields": {"persona_ptr": 76, "documento": "42487485", "empresa": 2, "estado": true}}, {"model": "cliente.cliente", "pk": 77, "fields": {"persona_ptr": 77, "documento": "79921001", "empresa": 2, "estado": true}}, {"model": "cliente.cliente", "pk": 78, "fields": {"persona_ptr": 78, "documento": "34574356", "empresa": 2, "estado": true}}, {"model": "cliente.cliente", "pk": 79, "fields": {"persona_ptr": 79, "documento": "50417789", "empresa": 2, "estado": true}}, {"model": "cliente.cliente", "pk": 80, "fields": {"persona_ptr": 80, "documento": "28981905", "empresa": 2, "estado": true}}, {"model": "cliente.cliente", "pk": 81, "fields": {"persona_ptr": 81, "documento": "52141375", "empresa": 2, "estado": true}}, {"model": "cliente.cliente", "pk": 82, "fields": {"persona_ptr": 82, "documento": "74568989", "empresa": 2, "estado": true}}, {"model": "cliente.cliente", "pk": 83, "fields": {"persona_ptr": 83, "documento": "93107855", "empresa": 2, "estado": true}}, {"model": "cliente.cliente", "pk": 84, "fields": {"persona_ptr": 84, "documento": "79800008", "empresa": 2, "estado": false}}, {"model": "cliente.cliente", "pk": 85, "fields": {"persona_ptr": 85, "documento": "29139464", "empresa": 2, "estado": true}}, {"model": "cliente.cliente", "pk": 86, "fields": {"persona_ptr": 86, "documento": "46893511", "empresa": 2, "estado": true}}, {"model": "cliente.cliente", "pk": 87, "fields": {"persona_ptr": 87, "documento": "30281493", "empresa": 2, "estado": true}}, {"model": "cliente.cliente", "pk": 88, "fields": {"persona_ptr": 88, "documento": "23961876", "empresa": 2, "estado": true}}, {"model": "cliente.cliente", "pk": 89, "fields": {"persona_ptr": 89, "documento": "55038608", "empresa": 2, "estado": true}}, {"model": "cliente.cliente", "pk": 90, "fields": {"persona_ptr": 90, "documento": "43178122", "empresa": 2, "estado": true}}, {"model": "cliente.cliente", "pk": 91, "fields": {"persona_ptr": 91, "documento": "12624537", "empresa": 2, "estado": true}}, {"model": "cliente.cliente", "pk": 92, "fields": {"persona_ptr": 92, "documento": "48582962", "empresa": 2, "estado": true}}, {"model": "cliente.cliente", "pk": 93, "fields": {"persona_ptr": 93, "documento": "53858223", "empresa": 2, "estado": true}}, {"model": "cliente.cliente", "pk": 94, "fields": {"persona_ptr": 94, "documento": "27462210", "empresa": 2, "estado": true}}, {"model": "cliente.cliente", "pk": 95, "fields": {"persona_ptr": 95, "documento": "77178221", "empresa": 2, "estado": true}}, {"model": "cliente.cliente", "pk": 96, "fields": {"persona_ptr": 96, "documento": "49063211", "empresa": 2, "estado": true}}, {"model": "cliente.cliente", "pk": 97, "fields": {"persona_ptr": 97, "documento": "63822853", "empresa": 2, "estado": true}}, {"model": "cliente.cliente", "pk": 98, "fields": {"persona_ptr": 98, "documento": "43315641", "empresa": 2, "estado": true}}, {"model": "cliente.cliente", "pk": 99, "fields": {"persona_ptr": 99, "documento": "54706739", "empresa": 2, "estado": true}}, {"model": "cliente.cliente", "pk": 100, "fields": {"persona_ptr": 100, "documento": "63121709", "empresa": 2, "estado": true}}, {"model": "cliente.cliente", "pk": 101, "fields": {"persona_ptr": 101, "documento": "17417562", "empresa": 2, "estado": true}}, {"model": "cliente.cliente", "pk": 102, "fields": {"persona_ptr": 102, "documento": "48626247", "empresa": 2, "estado": true}}, {"model": "cliente.cliente", "pk": 103, "fields": {"persona_ptr": 103, "documento": "67628633", "empresa": 2, "estado": false}}, {"model": "cliente.cliente", "pk": 104, "fields": {"persona_ptr": 104, "documento": "22183583", "empresa": 2, "estado": true}}, {"model": "cliente.cliente", "pk": 105, "fields": {"persona_ptr": 105, "documento": "68016415", "empresa": 2, "estado": true}}, {"model": "cliente.cliente", "pk": 106, "fields": {"persona_ptr": 106, "documento": "68409503", "empresa": 2, "estado": true}}, {"model": "cliente.cliente", "pk": 107, "fields": {"persona_ptr": 107, "documento": "0000", "empresa": 2, "estado": true}}, {"model": "descuento.descuento", "pk": 1, "fields": {"nombre": "Diciembre", "descripcion": "Promocion mes de diciembre", "tipo": "convenio", "porcentaje": "10.00", "activo": true, "empresa": 1, "created_at": "2025-05-20T18:17:44.711Z", "updated_at": "2025-05-21T21:34:16.768Z", "creado_por": "Jorge Luis Rodriguez Jimenez", "modificado_por": "Jorge Luis Rodriguez Jimenez"}}, {"model": "descuento.descuento", "pk": 2, "fields": {"nombre": "Diciembre", "descripcion": "Mes de diciembre", "tipo": "oferta", "porcentaje": "10.00", "activo": true, "empresa": 2, "created_at": "2025-05-20T20:37:09.275Z", "updated_at": "2025-05-21T21:33:52.447Z", "creado_por": "Merlis Deis Navarro Diaz", "modificado_por": "Merlis Deis Navarro Diaz"}}, {"model": "descuento.descuento", "pk": 3, "fields": {"nombre": "Oferta dia del trabajador", "descripcion": "Oferta dia del trabajador", "tipo": "convenio", "porcentaje": "15.00", "activo": true, "empresa": 1, "created_at": "2025-05-21T21:34:50.126Z", "updated_at": "2025-05-23T14:53:47.426Z", "creado_por": "Jorge Luis Rodriguez Jimenez", "modificado_por": "Jorge Luis Rodriguez Jimenez"}}, {"model": "admin.logentry", "pk": 1, "fields": {"action_time": "2025-05-26T15:49:22.942Z", "user": ["joluro"], "content_type": ["cliente", "cliente"], "object_id": "7", "object_repr": "Ana (34594067) - Equipos La Obra", "action_flag": 1, "change_message": "new through import_export"}}, {"model": "admin.logentry", "pk": 2, "fields": {"action_time": "2025-05-26T15:49:22.943Z", "user": ["joluro"], "content_type": ["cliente", "cliente"], "object_id": "8", "object_repr": "Ana (64101011) - Equipos La Obra", "action_flag": 1, "change_message": "new through import_export"}}, {"model": "admin.logentry", "pk": 3, "fields": {"action_time": "2025-05-26T15:49:22.943Z", "user": ["joluro"], "content_type": ["cliente", "cliente"], "object_id": "9", "object_repr": "Pedro (25494296) - Equipos La Obra", "action_flag": 1, "change_message": "new through import_export"}}, {"model": "admin.logentry", "pk": 4, "fields": {"action_time": "2025-05-26T15:49:22.943Z", "user": ["joluro"], "content_type": ["cliente", "cliente"], "object_id": "10", "object_repr": "Luis (73844078) - Equipos La Obra", "action_flag": 1, "change_message": "new through import_export"}}, {"model": "admin.logentry", "pk": 5, "fields": {"action_time": "2025-05-26T15:49:22.943Z", "user": ["joluro"], "content_type": ["cliente", "cliente"], "object_id": "11", "object_repr": "Luis (53749295) - Equipos La Obra", "action_flag": 1, "change_message": "new through import_export"}}, {"model": "admin.logentry", "pk": 6, "fields": {"action_time": "2025-05-26T15:49:22.943Z", "user": ["joluro"], "content_type": ["cliente", "cliente"], "object_id": "12", "object_repr": "Ana (19463438) - Equipos La Obra", "action_flag": 1, "change_message": "new through import_export"}}, {"model": "admin.logentry", "pk": 7, "fields": {"action_time": "2025-05-26T15:49:22.943Z", "user": ["joluro"], "content_type": ["cliente", "cliente"], "object_id": "13", "object_repr": "Carlos (22081019) - Equipos La Obra", "action_flag": 1, "change_message": "new through import_export"}}, {"model": "admin.logentry", "pk": 8, "fields": {"action_time": "2025-05-26T15:49:22.943Z", "user": ["joluro"], "content_type": ["cliente", "cliente"], "object_id": "14", "object_repr": "Pedro (21812727) - Equipos La Obra", "action_flag": 1, "change_message": "new through import_export"}}, {"model": "admin.logentry", "pk": 9, "fields": {"action_time": "2025-05-26T15:49:22.943Z", "user": ["joluro"], "content_type": ["cliente", "cliente"], "object_id": "15", "object_repr": "Laura (20874910) - Equipos La Obra", "action_flag": 1, "change_message": "new through import_export"}}, {"model": "admin.logentry", "pk": 10, "fields": {"action_time": "2025-05-26T15:49:22.943Z", "user": ["joluro"], "content_type": ["cliente", "cliente"], "object_id": "16", "object_repr": "Jorge (89488647) - Equipos La Obra", "action_flag": 1, "change_message": "new through import_export"}}, {"model": "admin.logentry", "pk": 11, "fields": {"action_time": "2025-05-26T15:49:22.943Z", "user": ["joluro"], "content_type": ["cliente", "cliente"], "object_id": "17", "object_repr": "Diego (14912356) - Equipos La Obra", "action_flag": 1, "change_message": "new through import_export"}}, {"model": "admin.logentry", "pk": 12, "fields": {"action_time": "2025-05-26T15:49:22.943Z", "user": ["joluro"], "content_type": ["cliente", "cliente"], "object_id": "18", "object_repr": "Diego (25684354) - Equipos La Obra", "action_flag": 1, "change_message": "new through import_export"}}, {"model": "admin.logentry", "pk": 13, "fields": {"action_time": "2025-05-26T15:49:22.943Z", "user": ["joluro"], "content_type": ["cliente", "cliente"], "object_id": "19", "object_repr": "Luis (40008042) - Equipos La Obra", "action_flag": 1, "change_message": "new through import_export"}}, {"model": "admin.logentry", "pk": 14, "fields": {"action_time": "2025-05-26T15:49:22.943Z", "user": ["joluro"], "content_type": ["cliente", "cliente"], "object_id": "20", "object_repr": "Diego (51922870) - Equipos La Obra", "action_flag": 1, "change_message": "new through import_export"}}, {"model": "admin.logentry", "pk": 15, "fields": {"action_time": "2025-05-26T15:49:22.943Z", "user": ["joluro"], "content_type": ["cliente", "cliente"], "object_id": "21", "object_repr": "Valeria (79313785) - Equipos La Obra", "action_flag": 1, "change_message": "new through import_export"}}, {"model": "admin.logentry", "pk": 16, "fields": {"action_time": "2025-05-26T15:49:22.943Z", "user": ["joluro"], "content_type": ["cliente", "cliente"], "object_id": "22", "object_repr": "Camila (63736430) - Equipos La Obra", "action_flag": 1, "change_message": "new through import_export"}}, {"model": "admin.logentry", "pk": 17, "fields": {"action_time": "2025-05-26T15:49:22.943Z", "user": ["joluro"], "content_type": ["cliente", "cliente"], "object_id": "23", "object_repr": "Jorge (46237349) - Equipos La Obra", "action_flag": 1, "change_message": "new through import_export"}}, {"model": "admin.logentry", "pk": 18, "fields": {"action_time": "2025-05-26T15:49:22.943Z", "user": ["joluro"], "content_type": ["cliente", "cliente"], "object_id": "24", "object_repr": "Laura (84234375) - Equipos La Obra", "action_flag": 1, "change_message": "new through import_export"}}, {"model": "admin.logentry", "pk": 19, "fields": {"action_time": "2025-05-26T15:49:22.943Z", "user": ["joluro"], "content_type": ["cliente", "cliente"], "object_id": "25", "object_repr": "Jorge (46771257) - Equipos La Obra", "action_flag": 1, "change_message": "new through import_export"}}, {"model": "admin.logentry", "pk": 20, "fields": {"action_time": "2025-05-26T15:49:22.943Z", "user": ["joluro"], "content_type": ["cliente", "cliente"], "object_id": "26", "object_repr": "Pedro (30723424) - Equipos La Obra", "action_flag": 1, "change_message": "new through import_export"}}, {"model": "admin.logentry", "pk": 21, "fields": {"action_time": "2025-05-26T15:49:22.943Z", "user": ["joluro"], "content_type": ["cliente", "cliente"], "object_id": "27", "object_repr": "Luis (65511706) - Equipos La Obra", "action_flag": 1, "change_message": "new through import_export"}}, {"model": "admin.logentry", "pk": 22, "fields": {"action_time": "2025-05-26T15:49:22.943Z", "user": ["joluro"], "content_type": ["cliente", "cliente"], "object_id": "28", "object_repr": "Mariana (61109286) - Equipos La Obra", "action_flag": 1, "change_message": "new through import_export"}}, {"model": "admin.logentry", "pk": 23, "fields": {"action_time": "2025-05-26T15:49:22.943Z", "user": ["joluro"], "content_type": ["cliente", "cliente"], "object_id": "29", "object_repr": "Carlos (48754858) - Equipos La Obra", "action_flag": 1, "change_message": "new through import_export"}}, {"model": "admin.logentry", "pk": 24, "fields": {"action_time": "2025-05-26T15:49:22.943Z", "user": ["joluro"], "content_type": ["cliente", "cliente"], "object_id": "30", "object_repr": "Valeria (83028454) - Equipos La Obra", "action_flag": 1, "change_message": "new through import_export"}}, {"model": "admin.logentry", "pk": 25, "fields": {"action_time": "2025-05-26T15:49:22.943Z", "user": ["joluro"], "content_type": ["cliente", "cliente"], "object_id": "31", "object_repr": "Diego (69841048) - Equipos La Obra", "action_flag": 1, "change_message": "new through import_export"}}, {"model": "admin.logentry", "pk": 26, "fields": {"action_time": "2025-05-26T15:49:22.943Z", "user": ["joluro"], "content_type": ["cliente", "cliente"], "object_id": "32", "object_repr": "Laura (27822751) - Equipos La Obra", "action_flag": 1, "change_message": "new through import_export"}}, {"model": "admin.logentry", "pk": 27, "fields": {"action_time": "2025-05-26T15:49:22.943Z", "user": ["joluro"], "content_type": ["cliente", "cliente"], "object_id": "33", "object_repr": "Valeria (39945160) - Equipos La Obra", "action_flag": 1, "change_message": "new through import_export"}}, {"model": "admin.logentry", "pk": 28, "fields": {"action_time": "2025-05-26T15:49:22.943Z", "user": ["joluro"], "content_type": ["cliente", "cliente"], "object_id": "34", "object_repr": "Valeria (32855020) - Equipos La Obra", "action_flag": 1, "change_message": "new through import_export"}}, {"model": "admin.logentry", "pk": 29, "fields": {"action_time": "2025-05-26T15:49:22.943Z", "user": ["joluro"], "content_type": ["cliente", "cliente"], "object_id": "35", "object_repr": "Pedro (70584959) - Equipos La Obra", "action_flag": 1, "change_message": "new through import_export"}}, {"model": "admin.logentry", "pk": 30, "fields": {"action_time": "2025-05-26T15:49:22.943Z", "user": ["joluro"], "content_type": ["cliente", "cliente"], "object_id": "36", "object_repr": "Mariana (11053007) - Equipos La Obra", "action_flag": 1, "change_message": "new through import_export"}}, {"model": "admin.logentry", "pk": 31, "fields": {"action_time": "2025-05-26T15:49:22.943Z", "user": ["joluro"], "content_type": ["cliente", "cliente"], "object_id": "37", "object_repr": "Mariana (72136934) - Equipos La Obra", "action_flag": 1, "change_message": "new through import_export"}}, {"model": "admin.logentry", "pk": 32, "fields": {"action_time": "2025-05-26T15:49:22.943Z", "user": ["joluro"], "content_type": ["cliente", "cliente"], "object_id": "38", "object_repr": "Valeria (17159055) - Equipos La Obra", "action_flag": 1, "change_message": "new through import_export"}}, {"model": "admin.logentry", "pk": 33, "fields": {"action_time": "2025-05-26T15:49:22.943Z", "user": ["joluro"], "content_type": ["cliente", "cliente"], "object_id": "39", "object_repr": "Luis (13419086) - Equipos La Obra", "action_flag": 1, "change_message": "new through import_export"}}, {"model": "admin.logentry", "pk": 34, "fields": {"action_time": "2025-05-26T15:49:22.943Z", "user": ["joluro"], "content_type": ["cliente", "cliente"], "object_id": "40", "object_repr": "Laura (10909316) - Equipos La Obra", "action_flag": 1, "change_message": "new through import_export"}}, {"model": "admin.logentry", "pk": 35, "fields": {"action_time": "2025-05-26T15:49:22.943Z", "user": ["joluro"], "content_type": ["cliente", "cliente"], "object_id": "41", "object_repr": "Ana (18476136) - Equipos La Obra", "action_flag": 1, "change_message": "new through import_export"}}, {"model": "admin.logentry", "pk": 36, "fields": {"action_time": "2025-05-26T15:49:22.943Z", "user": ["joluro"], "content_type": ["cliente", "cliente"], "object_id": "42", "object_repr": "Ana (65639725) - Equipos La Obra", "action_flag": 1, "change_message": "new through import_export"}}, {"model": "admin.logentry", "pk": 37, "fields": {"action_time": "2025-05-26T15:49:22.943Z", "user": ["joluro"], "content_type": ["cliente", "cliente"], "object_id": "43", "object_repr": "Pedro (19039600) - Equipos La Obra", "action_flag": 1, "change_message": "new through import_export"}}, {"model": "admin.logentry", "pk": 38, "fields": {"action_time": "2025-05-26T15:49:22.943Z", "user": ["joluro"], "content_type": ["cliente", "cliente"], "object_id": "44", "object_repr": "Camila (29741067) - Equipos La Obra", "action_flag": 1, "change_message": "new through import_export"}}, {"model": "admin.logentry", "pk": 39, "fields": {"action_time": "2025-05-26T15:49:22.943Z", "user": ["joluro"], "content_type": ["cliente", "cliente"], "object_id": "45", "object_repr": "Diego (94177129) - Equipos La Obra", "action_flag": 1, "change_message": "new through import_export"}}, {"model": "admin.logentry", "pk": 40, "fields": {"action_time": "2025-05-26T15:49:22.943Z", "user": ["joluro"], "content_type": ["cliente", "cliente"], "object_id": "46", "object_repr": "Valeria (12490235) - Equipos La Obra", "action_flag": 1, "change_message": "new through import_export"}}, {"model": "admin.logentry", "pk": 41, "fields": {"action_time": "2025-05-26T15:49:22.943Z", "user": ["joluro"], "content_type": ["cliente", "cliente"], "object_id": "47", "object_repr": "Camila (14551085) - Equipos La Obra", "action_flag": 1, "change_message": "new through import_export"}}, {"model": "admin.logentry", "pk": 42, "fields": {"action_time": "2025-05-26T15:49:22.944Z", "user": ["joluro"], "content_type": ["cliente", "cliente"], "object_id": "48", "object_repr": "Jorge (12100903) - Equipos La Obra", "action_flag": 1, "change_message": "new through import_export"}}, {"model": "admin.logentry", "pk": 43, "fields": {"action_time": "2025-05-26T15:49:22.944Z", "user": ["joluro"], "content_type": ["cliente", "cliente"], "object_id": "49", "object_repr": "Mariana (96493001) - Equipos La Obra", "action_flag": 1, "change_message": "new through import_export"}}, {"model": "admin.logentry", "pk": 44, "fields": {"action_time": "2025-05-26T15:49:22.944Z", "user": ["joluro"], "content_type": ["cliente", "cliente"], "object_id": "50", "object_repr": "Mariana (45878348) - Equipos La Obra", "action_flag": 1, "change_message": "new through import_export"}}, {"model": "admin.logentry", "pk": 45, "fields": {"action_time": "2025-05-26T15:49:22.944Z", "user": ["joluro"], "content_type": ["cliente", "cliente"], "object_id": "51", "object_repr": "Diego (23249774) - Equipos La Obra", "action_flag": 1, "change_message": "new through import_export"}}, {"model": "admin.logentry", "pk": 46, "fields": {"action_time": "2025-05-26T15:49:22.944Z", "user": ["joluro"], "content_type": ["cliente", "cliente"], "object_id": "52", "object_repr": "Camila (67419906) - Equipos La Obra", "action_flag": 1, "change_message": "new through import_export"}}, {"model": "admin.logentry", "pk": 47, "fields": {"action_time": "2025-05-26T15:49:22.944Z", "user": ["joluro"], "content_type": ["cliente", "cliente"], "object_id": "53", "object_repr": "Diego (32204555) - Equipos La Obra", "action_flag": 1, "change_message": "new through import_export"}}, {"model": "admin.logentry", "pk": 48, "fields": {"action_time": "2025-05-26T15:49:22.944Z", "user": ["joluro"], "content_type": ["cliente", "cliente"], "object_id": "54", "object_repr": "Ana (98221803) - Equipos La Obra", "action_flag": 1, "change_message": "new through import_export"}}, {"model": "admin.logentry", "pk": 49, "fields": {"action_time": "2025-05-26T15:49:22.944Z", "user": ["joluro"], "content_type": ["cliente", "cliente"], "object_id": "55", "object_repr": "Diego (29610714) - Equipos La Obra", "action_flag": 1, "change_message": "new through import_export"}}, {"model": "admin.logentry", "pk": 50, "fields": {"action_time": "2025-05-26T15:49:22.944Z", "user": ["joluro"], "content_type": ["cliente", "cliente"], "object_id": "56", "object_repr": "Luis (57585529) - Equipos La Obra", "action_flag": 1, "change_message": "new through import_export"}}, {"model": "admin.logentry", "pk": 51, "fields": {"action_time": "2025-05-26T15:49:22.944Z", "user": ["joluro"], "content_type": ["cliente", "cliente"], "object_id": "57", "object_repr": "Laura (48774298) - Alquiler de Equipos Los Fierros", "action_flag": 1, "change_message": "new through import_export"}}, {"model": "admin.logentry", "pk": 52, "fields": {"action_time": "2025-05-26T15:49:22.944Z", "user": ["joluro"], "content_type": ["cliente", "cliente"], "object_id": "58", "object_repr": "Carlos (51568930) - Alquiler de Equipos Los Fierros", "action_flag": 1, "change_message": "new through import_export"}}, {"model": "admin.logentry", "pk": 53, "fields": {"action_time": "2025-05-26T15:49:22.944Z", "user": ["joluro"], "content_type": ["cliente", "cliente"], "object_id": "59", "object_repr": "Camila (63413381) - Alquiler de Equipos Los Fierros", "action_flag": 1, "change_message": "new through import_export"}}, {"model": "admin.logentry", "pk": 54, "fields": {"action_time": "2025-05-26T15:49:22.944Z", "user": ["joluro"], "content_type": ["cliente", "cliente"], "object_id": "60", "object_repr": "Mariana (47655678) - Alquiler de Equipos Los Fierros", "action_flag": 1, "change_message": "new through import_export"}}, {"model": "admin.logentry", "pk": 55, "fields": {"action_time": "2025-05-26T15:49:22.944Z", "user": ["joluro"], "content_type": ["cliente", "cliente"], "object_id": "61", "object_repr": "Pedro (82045273) - Alquiler de Equipos Los Fierros", "action_flag": 1, "change_message": "new through import_export"}}, {"model": "admin.logentry", "pk": 56, "fields": {"action_time": "2025-05-26T15:49:22.944Z", "user": ["joluro"], "content_type": ["cliente", "cliente"], "object_id": "62", "object_repr": "Diego (91428014) - Alquiler de Equipos Los Fierros", "action_flag": 1, "change_message": "new through import_export"}}, {"model": "admin.logentry", "pk": 57, "fields": {"action_time": "2025-05-26T15:49:22.944Z", "user": ["joluro"], "content_type": ["cliente", "cliente"], "object_id": "63", "object_repr": "Jorge (67717891) - Alquiler de Equipos Los Fierros", "action_flag": 1, "change_message": "new through import_export"}}, {"model": "admin.logentry", "pk": 58, "fields": {"action_time": "2025-05-26T15:49:22.944Z", "user": ["joluro"], "content_type": ["cliente", "cliente"], "object_id": "64", "object_repr": "Mariana (73474583) - Alquiler de Equipos Los Fierros", "action_flag": 1, "change_message": "new through import_export"}}, {"model": "admin.logentry", "pk": 59, "fields": {"action_time": "2025-05-26T15:49:22.944Z", "user": ["joluro"], "content_type": ["cliente", "cliente"], "object_id": "65", "object_repr": "Luis (95756591) - Alquiler de Equipos Los Fierros", "action_flag": 1, "change_message": "new through import_export"}}, {"model": "admin.logentry", "pk": 60, "fields": {"action_time": "2025-05-26T15:49:22.944Z", "user": ["joluro"], "content_type": ["cliente", "cliente"], "object_id": "66", "object_repr": "Pedro (73544428) - Alquiler de Equipos Los Fierros", "action_flag": 1, "change_message": "new through import_export"}}, {"model": "admin.logentry", "pk": 61, "fields": {"action_time": "2025-05-26T15:49:22.944Z", "user": ["joluro"], "content_type": ["cliente", "cliente"], "object_id": "67", "object_repr": "Laura (70549241) - Alquiler de Equipos Los Fierros", "action_flag": 1, "change_message": "new through import_export"}}, {"model": "admin.logentry", "pk": 62, "fields": {"action_time": "2025-05-26T15:49:22.944Z", "user": ["joluro"], "content_type": ["cliente", "cliente"], "object_id": "68", "object_repr": "Ana (64667432) - Alquiler de Equipos Los Fierros", "action_flag": 1, "change_message": "new through import_export"}}, {"model": "admin.logentry", "pk": 63, "fields": {"action_time": "2025-05-26T15:49:22.944Z", "user": ["joluro"], "content_type": ["cliente", "cliente"], "object_id": "69", "object_repr": "Jorge (88418473) - Alquiler de Equipos Los Fierros", "action_flag": 1, "change_message": "new through import_export"}}, {"model": "admin.logentry", "pk": 64, "fields": {"action_time": "2025-05-26T15:49:22.944Z", "user": ["joluro"], "content_type": ["cliente", "cliente"], "object_id": "70", "object_repr": "Luis (52469384) - Alquiler de Equipos Los Fierros", "action_flag": 1, "change_message": "new through import_export"}}, {"model": "admin.logentry", "pk": 65, "fields": {"action_time": "2025-05-26T15:49:22.944Z", "user": ["joluro"], "content_type": ["cliente", "cliente"], "object_id": "71", "object_repr": "Laura (99030377) - Alquiler de Equipos Los Fierros", "action_flag": 1, "change_message": "new through import_export"}}, {"model": "admin.logentry", "pk": 66, "fields": {"action_time": "2025-05-26T15:49:22.944Z", "user": ["joluro"], "content_type": ["cliente", "cliente"], "object_id": "72", "object_repr": "Carlos (88940073) - Alquiler de Equipos Los Fierros", "action_flag": 1, "change_message": "new through import_export"}}, {"model": "admin.logentry", "pk": 67, "fields": {"action_time": "2025-05-26T15:49:22.944Z", "user": ["joluro"], "content_type": ["cliente", "cliente"], "object_id": "73", "object_repr": "Pedro (11653555) - Alquiler de Equipos Los Fierros", "action_flag": 1, "change_message": "new through import_export"}}, {"model": "admin.logentry", "pk": 68, "fields": {"action_time": "2025-05-26T15:49:22.944Z", "user": ["joluro"], "content_type": ["cliente", "cliente"], "object_id": "74", "object_repr": "Jorge (35244396) - Alquiler de Equipos Los Fierros", "action_flag": 1, "change_message": "new through import_export"}}, {"model": "admin.logentry", "pk": 69, "fields": {"action_time": "2025-05-26T15:49:22.944Z", "user": ["joluro"], "content_type": ["cliente", "cliente"], "object_id": "75", "object_repr": "Valeria (73586457) - Alquiler de Equipos Los Fierros", "action_flag": 1, "change_message": "new through import_export"}}, {"model": "admin.logentry", "pk": 70, "fields": {"action_time": "2025-05-26T15:49:22.944Z", "user": ["joluro"], "content_type": ["cliente", "cliente"], "object_id": "76", "object_repr": "Carlos (42487485) - Alquiler de Equipos Los Fierros", "action_flag": 1, "change_message": "new through import_export"}}, {"model": "admin.logentry", "pk": 71, "fields": {"action_time": "2025-05-26T15:49:22.944Z", "user": ["joluro"], "content_type": ["cliente", "cliente"], "object_id": "77", "object_repr": "Laura (79921001) - Alquiler de Equipos Los Fierros", "action_flag": 1, "change_message": "new through import_export"}}, {"model": "admin.logentry", "pk": 72, "fields": {"action_time": "2025-05-26T15:49:22.944Z", "user": ["joluro"], "content_type": ["cliente", "cliente"], "object_id": "78", "object_repr": "Camila (34574356) - Alquiler de Equipos Los Fierros", "action_flag": 1, "change_message": "new through import_export"}}, {"model": "admin.logentry", "pk": 73, "fields": {"action_time": "2025-05-26T15:49:22.944Z", "user": ["joluro"], "content_type": ["cliente", "cliente"], "object_id": "79", "object_repr": "Diego (50417789) - Alquiler de Equipos Los Fierros", "action_flag": 1, "change_message": "new through import_export"}}, {"model": "admin.logentry", "pk": 74, "fields": {"action_time": "2025-05-26T15:49:22.944Z", "user": ["joluro"], "content_type": ["cliente", "cliente"], "object_id": "80", "object_repr": "Luis (28981905) - Alquiler de Equipos Los Fierros", "action_flag": 1, "change_message": "new through import_export"}}, {"model": "admin.logentry", "pk": 75, "fields": {"action_time": "2025-05-26T15:49:22.944Z", "user": ["joluro"], "content_type": ["cliente", "cliente"], "object_id": "81", "object_repr": "Valeria (52141375) - Alquiler de Equipos Los Fierros", "action_flag": 1, "change_message": "new through import_export"}}, {"model": "admin.logentry", "pk": 76, "fields": {"action_time": "2025-05-26T15:49:22.944Z", "user": ["joluro"], "content_type": ["cliente", "cliente"], "object_id": "82", "object_repr": "Luis (74568989) - Alquiler de Equipos Los Fierros", "action_flag": 1, "change_message": "new through import_export"}}, {"model": "admin.logentry", "pk": 77, "fields": {"action_time": "2025-05-26T15:49:22.944Z", "user": ["joluro"], "content_type": ["cliente", "cliente"], "object_id": "83", "object_repr": "Camila (93107855) - Alquiler de Equipos Los Fierros", "action_flag": 1, "change_message": "new through import_export"}}, {"model": "admin.logentry", "pk": 78, "fields": {"action_time": "2025-05-26T15:49:22.944Z", "user": ["joluro"], "content_type": ["cliente", "cliente"], "object_id": "84", "object_repr": "Camila (79800008) - Alquiler de Equipos Los Fierros", "action_flag": 1, "change_message": "new through import_export"}}, {"model": "admin.logentry", "pk": 79, "fields": {"action_time": "2025-05-26T15:49:22.944Z", "user": ["joluro"], "content_type": ["cliente", "cliente"], "object_id": "85", "object_repr": "Laura (29139464) - Alquiler de Equipos Los Fierros", "action_flag": 1, "change_message": "new through import_export"}}, {"model": "admin.logentry", "pk": 80, "fields": {"action_time": "2025-05-26T15:49:22.944Z", "user": ["joluro"], "content_type": ["cliente", "cliente"], "object_id": "86", "object_repr": "Diego (46893511) - Alquiler de Equipos Los Fierros", "action_flag": 1, "change_message": "new through import_export"}}, {"model": "admin.logentry", "pk": 81, "fields": {"action_time": "2025-05-26T15:49:22.944Z", "user": ["joluro"], "content_type": ["cliente", "cliente"], "object_id": "87", "object_repr": "Pedro (30281493) - Alquiler de Equipos Los Fierros", "action_flag": 1, "change_message": "new through import_export"}}, {"model": "admin.logentry", "pk": 82, "fields": {"action_time": "2025-05-26T15:49:22.944Z", "user": ["joluro"], "content_type": ["cliente", "cliente"], "object_id": "88", "object_repr": "Valeria (23961876) - Alquiler de Equipos Los Fierros", "action_flag": 1, "change_message": "new through import_export"}}, {"model": "admin.logentry", "pk": 83, "fields": {"action_time": "2025-05-26T15:49:22.944Z", "user": ["joluro"], "content_type": ["cliente", "cliente"], "object_id": "89", "object_repr": "Laura (55038608) - Alquiler de Equipos Los Fierros", "action_flag": 1, "change_message": "new through import_export"}}, {"model": "admin.logentry", "pk": 84, "fields": {"action_time": "2025-05-26T15:49:22.945Z", "user": ["joluro"], "content_type": ["cliente", "cliente"], "object_id": "90", "object_repr": "Diego (43178122) - Alquiler de Equipos Los Fierros", "action_flag": 1, "change_message": "new through import_export"}}, {"model": "admin.logentry", "pk": 85, "fields": {"action_time": "2025-05-26T15:49:22.945Z", "user": ["joluro"], "content_type": ["cliente", "cliente"], "object_id": "91", "object_repr": "Diego (12624537) - Alquiler de Equipos Los Fierros", "action_flag": 1, "change_message": "new through import_export"}}, {"model": "admin.logentry", "pk": 86, "fields": {"action_time": "2025-05-26T15:49:22.945Z", "user": ["joluro"], "content_type": ["cliente", "cliente"], "object_id": "92", "object_repr": "Jorge (48582962) - Alquiler de Equipos Los Fierros", "action_flag": 1, "change_message": "new through import_export"}}, {"model": "admin.logentry", "pk": 87, "fields": {"action_time": "2025-05-26T15:49:22.945Z", "user": ["joluro"], "content_type": ["cliente", "cliente"], "object_id": "93", "object_repr": "Jorge (53858223) - Alquiler de Equipos Los Fierros", "action_flag": 1, "change_message": "new through import_export"}}, {"model": "admin.logentry", "pk": 88, "fields": {"action_time": "2025-05-26T15:49:22.945Z", "user": ["joluro"], "content_type": ["cliente", "cliente"], "object_id": "94", "object_repr": "Valeria (27462210) - Alquiler de Equipos Los Fierros", "action_flag": 1, "change_message": "new through import_export"}}, {"model": "admin.logentry", "pk": 89, "fields": {"action_time": "2025-05-26T15:49:22.945Z", "user": ["joluro"], "content_type": ["cliente", "cliente"], "object_id": "95", "object_repr": "Laura (77178221) - Alquiler de Equipos Los Fierros", "action_flag": 1, "change_message": "new through import_export"}}, {"model": "admin.logentry", "pk": 90, "fields": {"action_time": "2025-05-26T15:49:22.945Z", "user": ["joluro"], "content_type": ["cliente", "cliente"], "object_id": "96", "object_repr": "Jorge (49063211) - Alquiler de Equipos Los Fierros", "action_flag": 1, "change_message": "new through import_export"}}, {"model": "admin.logentry", "pk": 91, "fields": {"action_time": "2025-05-26T15:49:22.945Z", "user": ["joluro"], "content_type": ["cliente", "cliente"], "object_id": "97", "object_repr": "Diego (63822853) - Alquiler de Equipos Los Fierros", "action_flag": 1, "change_message": "new through import_export"}}, {"model": "admin.logentry", "pk": 92, "fields": {"action_time": "2025-05-26T15:49:22.945Z", "user": ["joluro"], "content_type": ["cliente", "cliente"], "object_id": "98", "object_repr": "Laura (43315641) - Alquiler de Equipos Los Fierros", "action_flag": 1, "change_message": "new through import_export"}}, {"model": "admin.logentry", "pk": 93, "fields": {"action_time": "2025-05-26T15:49:22.945Z", "user": ["joluro"], "content_type": ["cliente", "cliente"], "object_id": "99", "object_repr": "Diego (54706739) - Alquiler de Equipos Los Fierros", "action_flag": 1, "change_message": "new through import_export"}}, {"model": "admin.logentry", "pk": 94, "fields": {"action_time": "2025-05-26T15:49:22.945Z", "user": ["joluro"], "content_type": ["cliente", "cliente"], "object_id": "100", "object_repr": "Luis (63121709) - Alquiler de Equipos Los Fierros", "action_flag": 1, "change_message": "new through import_export"}}, {"model": "admin.logentry", "pk": 95, "fields": {"action_time": "2025-05-26T15:49:22.945Z", "user": ["joluro"], "content_type": ["cliente", "cliente"], "object_id": "101", "object_repr": "Laura (17417562) - Alquiler de Equipos Los Fierros", "action_flag": 1, "change_message": "new through import_export"}}, {"model": "admin.logentry", "pk": 96, "fields": {"action_time": "2025-05-26T15:49:22.945Z", "user": ["joluro"], "content_type": ["cliente", "cliente"], "object_id": "102", "object_repr": "Diego (48626247) - Alquiler de Equipos Los Fierros", "action_flag": 1, "change_message": "new through import_export"}}, {"model": "admin.logentry", "pk": 97, "fields": {"action_time": "2025-05-26T15:49:22.945Z", "user": ["joluro"], "content_type": ["cliente", "cliente"], "object_id": "103", "object_repr": "Ana (67628633) - Alquiler de Equipos Los Fierros", "action_flag": 1, "change_message": "new through import_export"}}, {"model": "admin.logentry", "pk": 98, "fields": {"action_time": "2025-05-26T15:49:22.945Z", "user": ["joluro"], "content_type": ["cliente", "cliente"], "object_id": "104", "object_repr": "Pedro (22183583) - Alquiler de Equipos Los Fierros", "action_flag": 1, "change_message": "new through import_export"}}, {"model": "admin.logentry", "pk": 99, "fields": {"action_time": "2025-05-26T15:49:22.945Z", "user": ["joluro"], "content_type": ["cliente", "cliente"], "object_id": "105", "object_repr": "Valeria (68016415) - Alquiler de Equipos Los Fierros", "action_flag": 1, "change_message": "new through import_export"}}, {"model": "admin.logentry", "pk": 100, "fields": {"action_time": "2025-05-26T15:49:22.945Z", "user": ["joluro"], "content_type": ["cliente", "cliente"], "object_id": "106", "object_repr": "Diego (68409503) - Alquiler de Equipos Los Fierros", "action_flag": 1, "change_message": "new through import_export"}}]